wage,hours,IQ,educ,exper,tenure,age,married,south,urban,sibs,brthord,meduc,feduc
866,40,85,12,11,12,30,1,1,0,8,5,6,0
926,55,64,12,18,0,38,1,0,1,4,5,0,2
1400,40,92,12,15,5,36,1,1,1,2,1,6,2
400,50,68,12,4,9,31,1,1,1,6,1,6,2
950,40,96,12,14,2,35,1,0,1,1,1,8,2
560,49,112,16,13,2,32,1,1,0,3,1,8,2
1201,50,98,11,17,16,36,1,1,0,4,5,11,2
855,45,89,12,6,6,31,1,1,0,4,3,3,3
1040,48,108,12,16,17,35,1,1,1,6,7,7,3
812,40,81,10,17,13,34,1,1,1,2,2,8,3
751,40,104,12,15,4,34,1,1,1,4,3,8,3
685,40,93,12,17,7,38,0,1,1,6,6,8,3
788,40,99,12,10,10,28,1,1,1,4,5,10,3
1000,40,89,12,17,8,38,1,1,1,7,7,1,4
370,32,73,12,13,2,31,1,1,0,9,2,3,4
1160,40,74,12,14,1,33,1,1,1,9,6,3,4
1001,34,77,12,12,3,29,1,1,1,9,8,3,4
995,40,92,9,22,13,38,1,0,1,7,3,7,4
618,40,84,14,6,8,31,0,1,1,7,8,7,4
818,47,92,12,16,17,38,1,0,0,12,1,8,4
962,50,105,14,15,2,37,1,1,1,3,4,8,4
600,40,107,12,16,6,33,1,0,0,5,6,8,4
700,40,81,12,13,13,31,1,1,0,5,6,8,4
440,40,84,12,11,2,30,1,1,1,5,3,9,4
450,64,67,12,11,1,33,0,0,1,6,1,11,4
1333,45,112,16,14,8,38,1,1,1,1,2,12,4
721,40,100,12,8,8,29,1,1,1,3,2,12,4
1058,40,120,16,16,13,37,1,0,0,5,4,12,4
1175,45,111,12,17,14,34,1,0,1,0,1,16,4
817,40,101,16,11,9,32,1,1,1,1,2,0,5
800,40,88,12,16,7,38,1,0,1,3,2,2,5
550,40,95,12,14,13,31,1,1,0,0,1,5,5
662,45,99,14,7,2,28,1,1,0,6,1,5,5
790,40,115,12,15,2,34,1,0,0,6,5,6,5
692,50,95,12,16,9,34,1,1,1,2,2,7,5
375,40,99,10,12,2,30,1,1,0,3,2,8,5
2500,60,82,12,21,1,38,1,1,0,3,3,8,5
1027,45,115,12,16,7,35,1,0,1,4,3,8,5
865,40,111,16,11,4,31,1,1,1,4,5,8,5
1015,40,67,12,15,11,32,1,0,1,3,2,9,5
769,55,105,18,7,15,38,0,0,1,2,3,9,5
750,45,93,11,17,2,36,1,0,1,1,2,10,5
630,40,103,15,14,2,32,1,1,0,0,1,11,5
1250,40,91,12,13,1,34,1,0,1,3,1,11,5
477,60,71,9,12,1,30,1,0,0,4,2,11,5
761,48,95,12,14,21,38,1,1,1,1,1,12,5
200,55,103,10,11,15,32,1,1,1,3,2,12,5
1154,45,111,15,13,1,36,1,0,0,2,3,14,5
765,45,94,12,17,18,37,1,0,0,10,6,4,6
600,40,87,10,20,7,36,1,1,0,0,1,5,6
500,70,83,12,13,11,32,1,0,1,5,1,6,6
642,45,93,12,12,7,30,1,1,1,1,2,6,6
1200,50,84,12,13,9,32,1,0,1,5,2,6,6
472,45,71,11,9,0,32,1,1,1,13,6,6,6
855,40,109,12,17,15,36,1,0,0,3,1,7,6
900,40,78,12,16,5,33,1,0,1,4,1,7,6
610,50,89,12,14,4,30,1,0,0,1,2,7,6
390,59,74,15,10,3,30,1,1,1,3,3,7,6
400,40,88,12,14,1,32,1,1,1,7,7,7,6
480,40,59,10,11,5,34,0,0,1,0,1,8,6
571,40,66,9,15,10,33,1,1,0,5,1,8,6
729,47,122,18,6,13,34,1,0,1,3,3,8,6
900,40,103,12,15,1,37,1,1,0,3,3,8,6
621,43,84,12,14,10,31,1,1,0,4,3,8,6
826,40,114,14,20,3,37,1,0,1,4,4,8,6
441,38,74,12,12,11,30,1,1,0,4,4,8,6
1202,40,102,13,10,3,31,1,1,1,7,7,8,6
1010,50,104,11,15,7,38,1,0,0,6,1,9,6
750,40,83,12,4,10,32,1,1,0,7,1,10,6
900,40,98,14,1,8,30,1,1,0,7,2,10,6
1196,45,96,14,10,4,32,1,1,0,2,3,10,6
624,40,92,10,18,10,36,1,1,0,2,3,10,6
629,60,93,12,6,1,30,1,1,0,8,3,10,6
950,40,81,11,16,5,35,1,1,0,3,4,10,6
1140,48,109,12,16,15,35,1,0,1,2,2,11,6
500,40,101,14,12,0,32,1,0,0,2,2,11,6
500,45,90,12,19,4,37,1,0,0,0,1,12,6
850,40,97,11,16,5,37,1,1,1,1,1,12,6
729,60,80,11,16,15,34,1,0,1,6,1,12,6
417,48,131,12,7,1,28,0,0,1,1,2,12,6
1072,42,104,16,6,8,35,1,0,1,2,2,12,6
937,40,102,12,16,8,35,1,0,1,3,2,12,6
675,40,77,12,20,4,38,1,1,1,5,2,12,6
1442,40,123,17,14,7,38,1,1,0,2,3,12,6
723,40,102,12,12,10,30,1,0,1,10,6,12,6
606,40,86,11,13,11,30,1,1,0,4,4,3,7
425,40,86,10,7,1,30,1,1,0,4,4,3,7
1200,40,103,14,5,2,30,1,0,1,1,1,6,7
680,40,86,12,13,9,32,0,1,0,6,1,6,7
380,50,106,12,15,11,30,1,1,0,2,1,7,7
769,45,105,12,16,5,33,1,1,0,4,1,7,7
1100,37,100,12,14,1,30,1,0,1,1,2,7,7
890,60,92,14,9,8,32,1,0,1,1,2,7,7
635,47,91,12,13,2,31,1,0,1,2,2,7,7
477,45,100,12,9,3,31,1,1,0,3,3,7,7
453,50,94,12,9,2,30,1,1,0,6,4,7,7
393,48,92,12,15,16,38,1,1,1,1,1,8,7
692,40,108,12,21,11,38,1,0,1,3,1,8,7
808,40,106,12,4,3,29,1,0,1,1,2,8,7
935,44,97,12,10,6,29,1,0,1,2,2,8,7
433,50,100,12,5,9,37,1,0,0,2,2,8,7
668,43,109,12,11,12,29,1,0,0,2,3,8,7
417,40,80,12,8,0,30,0,1,1,3,4,8,7
350,40,109,12,14,1,36,1,0,0,1,1,9,7
577,40,92,15,8,1,28,1,1,1,1,2,10,7
670,50,108,12,14,8,34,1,1,1,5,1,11,7
1000,48,105,12,11,4,28,1,1,0,0,1,12,7
774,40,94,12,20,4,37,1,0,0,1,1,12,7
575,40,96,11,17,1,35,1,1,1,2,1,12,7
760,40,88,12,12,15,31,1,1,1,2,1,12,7
923,40,110,16,15,11,37,1,0,0,2,1,12,7
1154,42,88,12,14,12,29,1,1,1,2,2,12,7
1000,40,96,16,9,1,31,0,1,1,4,2,12,7
753,46,70,10,21,7,38,1,1,1,4,2,12,7
1500,40,103,12,10,11,34,1,0,1,2,3,12,7
1122,35,132,18,13,8,32,1,1,1,2,3,12,7
909,40,102,12,14,5,33,1,0,1,3,3,12,7
1250,40,114,16,8,8,30,1,0,1,5,3,2,8
596,40,62,12,16,14,33,1,1,0,9,8,2,8
400,70,100,12,12,3,32,1,0,1,3,2,5,8
445,40,91,12,11,4,32,1,1,0,0,1,6,8
1261,40,117,17,1,9,35,1,0,1,4,1,6,8
958,50,105,10,17,2,35,1,0,1,1,2,6,8
800,40,96,12,17,12,35,1,0,1,1,2,6,8
797,41,89,12,10,7,36,1,1,0,1,2,7,8
800,40,115,12,20,12,38,1,0,0,7,6,7,8
645,45,93,12,11,3,35,1,1,0,7,7,7,8
800,40,115,18,11,1,35,1,1,1,0,1,8,8
800,50,92,9,18,13,34,1,0,1,0,1,8,8
692,50,92,15,9,3,38,1,0,1,0,1,8,8
1200,40,79,17,9,9,32,1,0,1,0,1,8,8
1539,45,120,17,7,8,34,1,0,1,1,1,8,8
990,40,67,12,16,3,34,1,0,1,2,1,8,8
857,65,99,12,18,3,38,1,1,1,2,1,8,8
962,55,108,12,19,21,36,1,0,1,3,1,8,8
769,40,93,12,11,2,31,1,0,1,1,2,8,8
600,40,91,10,13,0,30,0,0,1,1,2,8,8
1455,40,109,16,8,13,36,1,0,1,1,2,8,8
1299,60,125,18,6,12,35,0,0,1,1,2,8,8
923,50,122,16,10,10,31,1,0,0,1,2,8,8
769,40,100,12,18,12,36,1,0,0,1,2,8,8
988,48,91,12,15,15,36,1,1,1,1,2,8,8
1105,40,93,11,17,16,37,0,0,1,2,2,8,8
577,55,108,16,4,0,31,1,1,1,2,2,8,8
1634,40,94,13,18,18,36,1,1,1,2,2,8,8
1442,40,113,16,8,10,35,1,1,1,2,2,8,8
693,40,79,11,18,3,38,1,0,0,3,2,8,8
549,49,79,12,11,3,32,0,0,0,4,2,8,8
865,40,114,12,6,8,30,1,0,0,2,3,8,8
1100,40,91,12,18,10,36,1,0,0,2,3,8,8
698,43,97,12,10,4,29,1,0,1,2,3,8,8
1418,45,102,12,19,20,36,1,1,1,2,3,8,8
450,40,95,11,12,2,30,1,1,0,2,3,8,8
721,40,134,13,9,9,30,0,1,1,3,3,8,8
596,40,83,12,16,17,34,1,0,0,3,3,8,8
865,40,85,13,4,9,34,1,1,1,3,3,8,8
1200,40,96,11,15,3,37,1,0,1,4,3,8,8
600,40,96,11,7,2,29,1,1,1,4,3,8,8
600,40,114,12,8,5,30,1,1,1,6,3,8,8
550,40,77,12,15,2,37,1,0,0,6,3,8,8
750,40,94,12,16,3,37,1,0,1,7,3,8,8
905,45,109,14,11,14,36,1,0,1,3,4,8,8
1559,40,103,12,17,10,34,1,0,1,3,4,8,8
793,40,96,12,17,18,36,1,0,0,4,5,8,8
829,40,98,12,15,15,36,1,0,1,4,5,8,8
1039,40,114,16,1,9,31,0,1,1,6,5,8,8
821,45,85,16,8,2,32,1,0,1,5,6,8,8
808,40,99,12,18,13,38,1,0,1,0,1,9,8
865,40,95,12,15,11,32,0,0,1,3,1,9,8
1495,45,109,18,10,3,32,1,0,1,3,1,9,8
781,40,89,11,13,10,30,1,0,1,3,1,9,8
625,40,110,12,18,0,35,1,0,1,4,1,9,8
1260,45,79,12,19,15,37,1,0,0,3,2,9,8
923,50,107,16,9,8,33,1,0,1,6,4,9,8
894,40,104,18,7,10,35,1,1,0,7,8,9,8
751,40,96,12,9,7,38,1,0,0,1,1,10,8
525,40,99,12,9,2,34,1,0,1,2,1,10,8
962,40,97,12,15,4,34,1,1,0,5,1,10,8
770,48,91,12,13,2,38,1,0,1,1,2,10,8
1442,40,112,12,19,15,36,1,0,1,3,2,10,8
850,40,72,11,19,10,38,1,0,1,2,3,10,8
670,40,88,12,9,2,29,1,0,1,7,3,10,8
800,45,98,12,16,12,33,1,0,0,3,4,10,8
1200,50,99,12,11,11,28,1,0,1,5,4,10,8
769,40,98,16,8,3,35,0,1,1,0,1,11,8
769,55,120,18,8,12,32,0,0,1,1,1,11,8
1375,40,96,13,3,3,30,1,0,1,3,1,11,8
800,40,88,10,21,14,37,1,0,1,8,1,11,8
1035,48,107,12,21,14,38,1,0,1,1,2,11,8
1250,50,102,12,6,2,32,0,0,1,4,2,11,8
1573,55,90,12,5,3,30,1,0,1,4,3,11,8
1920,40,109,12,13,2,31,1,0,0,0,1,12,8
1161,40,99,13,16,18,36,1,0,1,0,1,12,8
1312,40,118,10,14,4,32,1,0,1,0,1,12,8
1151,45,90,12,19,19,36,1,0,1,1,1,12,8
513,45,119,17,8,5,31,0,0,1,1,1,12,8
529,40,110,13,14,11,32,1,0,0,1,1,12,8
1188,40,93,13,16,5,35,1,0,1,2,1,12,8
840,50,96,12,18,13,35,1,0,1,2,1,12,8
840,40,105,12,19,15,38,1,0,0,3,1,12,8
1212,40,95,12,6,16,38,1,1,0,3,1,12,8
375,60,75,12,12,5,30,0,0,0,4,1,12,8
1000,65,93,12,11,9,29,1,0,1,7,1,12,8
832,50,104,13,4,2,30,1,0,1,1,2,12,8
1325,45,97,12,12,5,28,1,0,1,1,2,12,8
1730,50,117,18,12,12,37,1,0,1,1,2,12,8
1386,40,97,10,17,9,37,1,1,1,1,2,12,8
812,45,115,16,11,3,34,1,0,1,1,2,12,8
1699,40,100,12,11,9,33,1,0,1,1,2,12,8
781,50,112,12,8,10,30,1,0,1,2,2,12,8
1749,43,101,12,16,17,36,1,0,0,2,2,12,8
481,40,82,12,9,2,32,1,1,0,2,2,12,8
693,40,68,12,11,19,35,1,1,0,5,2,12,8
940,48,104,12,13,0,32,1,0,1,7,2,12,8
1495,45,113,17,13,9,33,1,0,1,3,3,12,8
1155,40,109,17,13,4,38,1,0,0,3,3,12,8
1038,50,119,12,20,5,36,1,0,0,3,3,12,8
800,40,122,16,10,2,31,0,1,1,3,3,12,8
962,40,120,16,6,4,28,1,0,0,4,3,12,8
1500,40,101,13,13,2,32,1,1,1,5,3,12,8
1151,40,98,12,12,12,29,1,0,1,3,4,12,8
500,40,98,13,14,5,32,1,0,0,3,4,12,8
1000,43,69,12,15,16,35,1,0,1,4,4,12,8
745,40,94,13,17,1,36,0,0,0,2,3,13,8
310,40,104,13,10,0,33,0,0,0,2,1,14,8
984,40,108,13,17,18,37,1,0,1,4,1,15,8
971,40,95,17,5,11,37,1,0,1,1,2,16,8
973,36,81,13,11,5,32,1,1,1,0,1,6,9
960,40,107,12,11,9,29,1,1,1,11,2,6,9
1442,40,110,13,13,13,29,1,1,1,1,2,7,9
553,40,67,12,11,10,30,1,1,0,7,2,8,9
571,40,78,13,10,1,29,0,0,1,5,5,8,9
1000,40,96,11,15,15,37,1,0,1,5,5,8,9
1212,40,129,14,9,3,32,0,0,1,6,7,8,9
478,45,90,10,19,10,34,1,1,1,2,1,9,9
652,50,113,12,14,4,36,0,0,1,1,2,9,9
1346,50,128,16,10,1,33,0,0,0,3,1,10,9
1027,27,100,13,12,15,38,1,0,1,3,3,10,9
650,40,69,12,14,11,30,1,0,1,3,4,10,9
1202,40,84,14,6,5,31,1,0,1,2,1,11,9
1444,40,109,15,11,1,29,1,1,1,2,1,11,9
1391,50,109,12,14,8,32,1,1,1,1,2,11,9
794,40,114,16,9,7,29,1,0,1,1,2,11,9
750,60,74,10,13,9,30,1,0,1,4,2,11,9
1225,40,118,13,9,14,32,1,0,1,0,1,12,9
1411,45,111,16,11,12,32,1,1,1,1,1,12,9
1076,38,106,12,19,20,36,1,1,1,1,1,12,9
750,50,103,15,1,1,37,1,1,0,1,1,12,9
850,40,105,12,6,2,33,1,0,1,1,1,12,9
1154,40,116,15,11,12,34,0,0,0,2,1,12,9
855,45,119,16,11,4,32,1,0,1,3,1,12,9
650,40,97,10,14,9,30,1,1,0,5,1,12,9
1749,40,108,12,13,9,29,0,0,1,7,1,12,9
937,40,104,12,14,15,32,1,1,0,1,2,12,9
583,58,113,16,9,0,30,1,0,1,2,2,12,9
442,60,82,12,12,0,33,1,0,1,2,3,12,9
654,50,111,13,5,16,38,1,0,1,3,3,12,9
951,60,116,12,9,7,30,1,0,1,4,5,12,9
891,40,90,12,16,16,32,1,1,0,5,5,12,9
884,40,108,17,9,11,35,1,0,1,3,2,14,9
1058,40,94,14,13,14,34,1,0,1,0,1,15,9
1050,50,97,15,4,9,31,1,1,1,2,1,16,9
865,40,66,11,10,7,30,1,0,1,14,4,0,10
510,54,62,11,13,4,33,0,1,1,7,6,2,10
642,35,87,13,9,3,30,1,1,0,10,10,4,10
884,40,106,10,19,12,34,1,0,1,2,1,7,10
952,40,99,13,10,10,31,1,0,1,1,1,8,10
1001,40,109,12,20,22,37,1,0,1,1,1,8,10
475,52,98,14,12,1,30,0,0,1,6,1,8,10
1100,40,122,14,11,8,33,1,0,1,2,3,8,10
900,40,86,12,17,15,37,1,0,1,5,3,8,10
882,44,96,12,15,13,31,1,0,0,6,3,8,10
2404,50,96,14,1,1,36,1,0,1,5,5,8,10
418,40,76,12,12,2,31,1,1,0,0,1,9,10
903,40,91,12,6,12,36,1,0,1,5,4,9,10
1550,40,104,12,16,1,34,1,1,0,8,4,9,10
1126,40,116,12,5,0,31,1,0,1,9,5,9,10
2162,40,124,18,10,8,32,1,1,1,1,1,10,10
800,43,96,12,10,1,29,1,1,0,1,1,10,10
962,40,110,12,16,8,33,1,0,1,2,1,10,10
1318,38,119,16,7,2,28,1,0,1,3,1,10,10
1000,60,101,12,11,6,30,1,0,1,3,1,10,10
714,35,125,16,7,5,28,1,0,1,4,1,10,10
873,65,95,12,14,3,38,1,0,1,5,1,10,10
1130,50,105,12,18,2,37,1,0,1,4,2,10,10
700,45,99,12,15,7,32,1,1,0,4,2,10,10
1575,40,117,12,13,2,30,1,0,1,3,3,10,10
1452,35,69,16,12,15,38,1,0,1,7,6,10,10
1111,45,118,15,11,3,32,1,0,1,3,1,11,10
1105,40,119,16,9,10,30,0,1,1,5,1,11,10
750,40,106,14,9,9,29,1,0,1,1,2,11,10
1377,37,118,16,15,1,36,1,0,1,2,2,11,10
480,40,76,12,17,3,35,0,1,1,8,5,11,10
1100,50,117,16,11,12,32,1,0,0,0,1,12,10
800,25,75,13,14,1,38,1,1,1,0,1,12,10
1009,40,118,16,11,12,32,1,1,0,0,1,12,10
1126,40,119,16,5,8,32,1,0,1,1,1,12,10
1223,40,107,12,7,3,28,1,0,0,1,1,12,10
654,50,113,17,1,13,33,1,0,0,1,1,12,10
1250,40,92,16,10,11,32,0,1,1,1,1,12,10
996,50,114,12,5,14,31,1,0,1,2,1,12,10
1346,40,134,15,15,7,35,1,0,1,2,1,12,10
1075,40,115,14,9,10,30,1,0,0,2,1,12,10
815,40,114,12,15,14,31,1,0,0,2,1,12,10
1188,40,105,12,11,7,30,1,0,1,3,1,12,10
1000,45,118,14,9,7,30,1,0,1,3,1,12,10
1000,40,112,14,15,4,35,1,0,1,4,1,12,10
1346,50,108,16,9,4,36,1,0,1,1,2,12,10
650,40,99,12,13,10,30,1,1,0,1,2,12,10
1442,60,117,16,9,3,31,1,1,1,1,2,12,10
940,45,102,14,11,7,36,1,0,1,1,2,12,10
808,60,109,13,14,12,38,1,0,1,2,2,12,10
888,50,105,15,9,5,32,0,0,1,2,2,12,10
751,40,114,13,9,2,28,1,1,1,2,2,12,10
1049,55,120,12,9,11,32,1,0,1,3,2,12,10
1522,46,102,12,15,16,37,1,0,0,3,2,12,10
721,40,105,12,11,9,30,1,0,0,3,2,12,10
1375,40,103,12,12,7,29,1,0,1,4,2,12,10
513,40,104,16,8,10,33,1,1,0,5,2,12,10
1442,40,114,12,16,17,33,1,0,1,2,3,12,10
1360,45,109,15,6,9,36,1,0,1,3,3,12,10
1000,45,123,12,12,1,29,1,0,1,3,3,12,10
1049,50,112,14,6,10,32,1,0,0,3,3,12,10
900,40,80,10,15,14,38,1,1,0,3,3,12,10
1081,40,92,13,8,2,30,1,1,1,3,4,12,10
1025,40,104,12,12,7,29,1,0,1,3,4,12,10
800,50,110,14,8,5,28,1,0,1,3,4,12,10
550,40,95,12,4,1,30,0,0,0,3,4,12,10
1250,32,98,12,17,2,33,1,0,1,0,1,14,10
1026,60,105,16,12,1,35,1,0,1,3,1,14,10
686,55,106,10,15,3,36,1,1,1,4,5,14,10
445,45,110,12,15,13,32,0,0,1,2,2,5,11
289,40,94,12,9,0,30,1,0,1,2,3,5,11
562,40,74,11,14,5,34,1,0,1,10,6,6,11
1082,40,111,13,20,12,36,1,0,1,4,2,8,11
962,50,124,16,7,14,34,1,0,1,2,2,9,11
650,40,100,12,4,3,28,1,0,1,6,2,9,11
1200,42,119,16,11,5,30,1,0,1,5,1,10,11
1230,50,96,13,11,12,30,1,0,1,3,2,10,11
480,40,83,12,9,3,37,1,1,1,4,3,10,11
115,50,108,12,9,3,29,1,0,1,5,6,10,11
651,40,76,11,11,2,29,1,0,1,7,7,10,11
1053,38,114,16,12,7,32,1,0,1,0,1,11,11
1903,48,118,18,13,5,36,1,0,0,0,1,11,11
1235,40,82,12,10,2,33,1,0,1,1,1,11,11
1053,40,90,12,18,7,37,1,1,0,1,1,11,11
720,50,101,13,1,7,29,1,0,1,4,2,11,11
465,43,84,13,10,1,29,1,0,1,3,3,11,11
1075,40,103,12,17,10,33,1,0,1,13,3,11,11
1339,38,96,12,8,9,33,1,0,1,0,1,12,11
958,60,98,12,11,9,28,1,0,1,0,1,12,11
1000,40,95,12,16,16,36,1,0,1,1,1,12,11
1000,50,104,16,11,8,30,1,0,1,1,1,12,11
433,40,98,12,11,10,30,0,0,1,1,1,12,11
550,46,95,12,18,15,35,1,0,1,1,1,12,11
824,42,92,12,19,15,38,1,0,1,1,1,12,11
641,45,125,14,9,0,37,1,0,1,1,1,12,11
562,55,90,13,4,1,38,1,1,0,1,1,12,11
586,60,111,18,6,10,34,1,0,0,3,1,12,11
938,50,130,14,15,1,33,1,0,0,3,1,12,11
727,55,97,12,11,11,31,1,0,0,3,1,12,11
1160,40,92,12,8,8,31,1,0,0,4,1,12,11
1097,50,80,11,12,12,28,1,0,0,5,1,12,11
500,45,115,12,14,1,32,1,0,1,1,2,12,11
1122,60,102,17,7,13,32,1,1,1,2,2,12,11
1541,40,94,12,8,1,32,1,0,1,8,3,12,11
1034,40,97,12,15,16,36,1,0,1,14,10,14,11
540,50,113,12,12,3,31,1,0,0,5,4,6,12
779,40,84,12,9,6,30,1,0,1,0,1,8,12
1318,35,118,16,16,17,37,1,0,0,1,1,8,12
1273,55,84,18,14,4,37,1,0,1,1,1,8,12
1442,40,132,17,8,1,33,1,1,1,3,1,8,12
850,43,113,12,7,3,28,1,0,1,1,2,8,12
1832,40,97,12,16,1,36,1,0,1,1,2,8,12
575,40,116,12,11,9,29,1,1,0,1,2,8,12
1063,40,90,12,14,12,32,1,0,1,2,2,8,12
940,45,98,18,10,7,31,1,1,1,2,2,8,12
618,42,104,12,6,2,30,1,0,1,3,2,8,12
865,40,130,16,5,3,30,1,0,1,4,2,8,12
1000,40,110,12,6,12,37,1,0,1,5,2,8,12
800,55,106,12,17,18,36,1,0,0,3,3,8,12
1170,47,123,14,9,14,32,1,0,1,3,4,8,12
1442,40,108,12,17,17,36,1,1,1,1,1,9,12
1058,40,85,12,18,19,35,1,0,1,2,1,9,12
1122,48,111,15,12,9,31,1,0,1,3,1,9,12
865,40,110,16,1,11,31,1,0,1,3,1,9,12
1126,40,110,12,16,2,32,1,0,1,6,1,9,12
962,40,85,10,15,16,38,1,0,1,1,2,9,12
889,36,116,12,12,11,28,1,1,1,1,2,9,12
962,40,93,12,15,1,30,1,0,1,2,2,9,12
600,40,127,12,8,3,28,0,1,0,2,2,9,12
947,48,104,18,8,13,35,1,0,0,3,2,9,12
808,40,97,16,10,7,29,1,0,1,3,3,9,12
802,40,99,12,13,12,29,1,1,1,8,6,9,12
525,40,106,12,12,13,30,1,0,0,1,1,10,12
525,40,100,13,5,1,31,1,1,0,1,1,10,12
1104,54,96,12,11,4,29,1,1,0,1,2,10,12
795,45,88,12,17,18,35,1,0,0,2,2,10,12
800,40,105,14,12,12,37,1,0,0,3,2,10,12
1000,40,102,16,13,11,35,1,0,1,6,2,10,12
1049,44,122,16,7,3,33,1,0,0,3,3,10,12
1000,45,90,12,16,0,38,1,0,1,6,3,10,12
803,40,120,13,4,1,28,1,1,1,3,4,10,12
500,55,86,12,11,9,29,1,0,0,5,5,10,12
1778,40,109,16,14,13,36,1,0,1,0,1,11,12
750,43,94,14,12,10,33,1,0,0,1,1,11,12
762,58,104,15,6,4,33,1,0,0,2,1,11,12
1200,40,109,15,7,8,33,1,0,1,2,1,11,12
533,30,65,12,5,1,32,0,0,1,5,1,11,12
1040,40,101,12,19,9,38,1,1,1,6,1,11,12
654,50,121,17,12,13,34,1,0,1,1,2,11,12
350,45,116,16,5,3,33,1,1,1,2,2,11,12
511,45,101,12,13,1,30,1,0,1,4,2,11,12
1065,65,104,16,10,11,34,1,1,1,2,3,11,12
1107,40,112,12,12,5,38,1,0,1,5,3,11,12
601,48,111,12,15,3,33,1,0,1,0,1,12,12
809,65,125,12,11,10,29,1,0,1,0,1,12,12
622,45,119,16,12,1,33,1,0,1,0,1,12,12
1202,40,100,12,18,2,37,1,0,1,0,1,12,12
750,40,104,12,15,11,33,1,0,0,0,1,12,12
2099,55,119,16,10,4,32,1,0,1,0,1,12,12
1682,50,107,14,15,9,32,1,1,1,0,1,12,12
2137,45,102,13,8,2,30,1,1,0,0,1,12,12
660,42,101,16,12,9,31,1,1,1,0,1,12,12
962,50,97,16,7,2,30,1,1,1,0,1,12,12
1792,40,118,16,9,9,34,1,0,1,1,1,12,12
1424,50,98,14,15,4,35,1,0,1,1,1,12,12
1081,40,123,18,11,7,36,1,0,0,1,1,12,12
1100,40,105,12,22,14,38,1,0,1,1,1,12,12
1748,55,123,17,10,7,36,1,0,1,1,1,12,12
1346,40,90,16,9,16,38,1,0,1,1,1,12,12
923,40,105,18,7,14,34,1,0,1,1,1,12,12
2162,40,115,17,4,4,38,1,0,1,1,1,12,12
1924,45,112,16,17,18,38,1,0,1,1,1,12,12
841,48,110,18,13,1,37,0,0,1,1,1,12,12
1206,40,110,12,16,4,38,1,0,1,1,1,12,12
562,40,99,12,18,12,34,0,0,0,1,1,12,12
700,40,120,16,10,1,29,1,1,1,1,1,12,12
812,40,131,16,9,3,30,0,0,0,1,1,12,12
1329,55,115,18,10,5,36,1,0,1,1,1,12,12
377,40,83,12,9,1,36,0,1,1,1,1,12,12
866,40,111,14,16,14,35,1,0,1,1,1,12,12
1710,45,118,18,12,12,38,1,0,1,1,1,12,12
864,40,87,12,15,6,31,1,0,0,1,1,12,12
1615,50,113,16,10,4,36,1,0,1,2,1,12,12
2137,45,145,16,17,8,38,1,0,1,2,1,12,12
1154,40,134,18,10,10,37,1,1,1,2,1,12,12
950,60,98,11,13,6,31,1,0,1,2,1,12,12
2404,50,106,15,8,0,32,1,0,1,2,1,12,12
757,40,113,16,10,9,33,1,0,1,2,1,12,12
817,40,95,12,16,14,33,1,0,0,2,1,12,12
1155,45,85,12,14,1,34,1,0,1,2,1,12,12
1151,48,87,12,18,9,38,1,0,1,2,1,12,12
1270,40,118,14,4,16,36,1,0,1,2,1,12,12
876,45,116,16,10,8,29,1,0,1,2,1,12,12
909,40,95,13,6,2,31,1,0,1,2,1,12,12
1417,38,88,16,9,10,32,0,0,1,2,1,12,12
556,40,127,16,6,2,31,1,1,1,2,1,12,12
1442,40,113,13,14,8,36,1,1,1,2,1,12,12
929,40,97,13,12,5,30,1,1,1,2,1,12,12
900,40,54,14,12,3,31,1,1,1,2,1,12,12
2004,48,105,18,10,0,34,1,0,1,2,1,12,12
1250,44,96,12,19,20,38,1,0,1,2,1,12,12
583,48,94,14,10,6,37,1,0,0,2,1,12,12
600,40,114,16,5,4,30,1,1,1,2,1,12,12
770,40,105,17,7,11,30,1,0,1,3,1,12,12
1200,40,97,12,10,4,31,1,0,1,3,1,12,12
623,45,98,16,7,1,30,1,0,0,3,1,12,12
841,40,102,16,10,1,29,1,0,1,3,1,12,12
890,70,73,12,6,8,31,1,0,1,3,1,12,12
1105,40,104,16,5,8,29,1,0,1,3,1,12,12
975,40,97,13,8,0,31,1,0,1,3,1,12,12
684,45,111,14,7,7,29,1,0,1,4,1,12,12
788,40,96,12,13,5,36,1,1,1,4,1,12,12
906,40,120,14,16,2,37,1,0,1,5,1,12,12
1143,35,97,12,21,8,38,1,0,1,5,1,12,12
2668,75,108,13,12,2,32,1,1,1,1,2,12,12
1000,50,97,12,17,15,36,1,0,1,1,2,12,12
1250,40,117,14,7,1,28,1,0,1,1,2,12,12
693,53,101,12,7,6,28,1,0,0,1,2,12,12
550,56,99,12,17,11,36,1,1,1,1,2,12,12
770,40,80,12,16,14,35,1,0,1,1,2,12,12
1602,60,124,16,12,2,37,1,0,1,1,2,12,12
855,40,99,12,19,10,36,1,0,1,1,2,12,12
900,40,119,16,8,9,30,1,0,0,1,2,12,12
1198,32,117,16,7,9,30,1,1,1,1,2,12,12
987,40,96,12,11,5,29,1,1,0,1,2,12,12
566,45,104,16,5,2,32,1,1,0,1,2,12,12
1282,45,112,16,6,6,31,0,1,1,2,2,12,12
1250,40,115,14,9,1,29,1,0,1,2,2,12,12
590,40,109,13,10,7,29,1,0,0,2,2,12,12
756,40,78,14,9,2,31,1,0,1,2,2,12,12
1282,45,121,18,7,13,32,1,0,1,2,2,12,12
758,38,126,16,10,8,28,0,0,1,2,2,12,12
583,80,86,12,9,1,30,1,1,1,2,2,12,12
1333,60,106,15,5,1,30,1,1,1,2,2,12,12
3078,30,107,13,11,4,29,1,0,1,2,2,12,12
1270,40,84,12,11,12,30,1,0,1,2,2,12,12
1250,40,95,12,12,2,32,1,0,1,2,2,12,12
673,40,85,12,17,10,35,1,0,0,2,2,12,12
515,45,114,13,8,10,28,1,0,0,3,2,12,12
1202,40,101,15,15,17,37,1,0,1,3,2,12,12
812,40,98,12,10,2,29,0,0,1,3,2,12,12
1155,40,117,13,9,1,28,1,0,1,3,2,12,12
1202,40,131,16,10,2,33,1,0,0,3,2,12,12
1031,40,112,14,9,5,29,1,0,1,4,2,12,12
931,80,108,16,4,1,36,1,0,1,4,2,12,12
1110,52,106,12,11,6,33,1,0,0,5,2,12,12
1136,50,117,14,16,12,34,1,1,1,2,3,12,12
1202,40,125,14,10,11,29,1,0,1,2,3,12,12
1000,40,100,12,16,14,32,1,1,1,2,3,12,12
1241,40,83,13,9,10,33,1,1,1,2,3,12,12
1300,40,78,13,12,3,33,1,1,1,2,3,12,12
1699,40,96,12,10,1,29,0,1,1,2,3,12,12
666,40,104,12,10,2,29,1,0,0,2,3,12,12
615,40,100,14,9,4,30,1,0,0,3,3,12,12
1366,40,90,12,13,1,30,1,0,1,3,3,12,12
2137,40,120,16,16,3,37,1,1,1,3,3,12,12
650,40,96,12,13,7,32,1,0,1,4,3,12,12
1272,40,107,12,10,1,30,1,0,1,4,3,12,12
714,40,90,12,17,1,37,1,0,0,5,3,12,12
1000,40,93,11,11,0,29,1,1,1,5,3,12,12
1746,40,131,18,9,10,33,1,0,1,7,3,12,12
950,40,98,12,11,6,30,1,0,1,3,4,12,12
1463,45,104,15,14,11,37,1,1,1,3,4,12,12
1000,40,72,12,16,9,34,1,0,1,3,4,12,12
625,40,73,11,1,1,31,1,0,1,3,4,12,12
500,40,96,12,6,0,33,1,1,1,4,4,12,12
528,55,116,18,5,9,30,1,0,1,4,5,12,12
905,40,102,12,17,4,37,1,0,0,5,5,12,12
520,40,126,16,8,1,30,1,0,1,7,5,12,12
1442,40,115,12,14,9,36,1,0,1,7,5,12,12
450,40,79,10,20,5,36,1,1,1,7,6,12,12
808,40,107,16,6,7,29,1,0,0,7,6,12,12
664,40,105,12,8,10,29,1,0,1,7,6,12,12
1304,45,119,17,9,9,31,1,0,0,1,1,13,12
1394,40,118,16,11,8,30,1,0,0,2,1,13,12
1417,48,125,17,9,4,34,1,0,1,3,1,13,12
714,35,105,16,9,2,29,1,0,1,1,2,13,12
575,40,85,13,6,1,30,1,0,0,1,2,13,12
711,45,110,16,8,5,32,1,1,1,3,2,13,12
1000,40,89,12,9,5,28,1,0,1,2,3,13,12
425,30,106,17,8,0,36,0,1,0,0,1,14,12
2067,40,106,16,12,13,33,1,1,1,2,1,14,12
1602,60,110,15,14,1,37,1,0,1,5,1,14,12
1025,40,85,15,9,13,29,1,0,1,6,1,14,12
1127,40,98,12,17,12,36,1,1,1,1,2,14,12
1070,40,91,12,13,1,30,1,0,1,1,2,14,12
912,40,96,16,11,5,30,1,0,1,2,2,14,12
577,60,104,14,6,2,30,1,1,1,2,3,14,12
1111,40,103,14,13,13,31,1,0,0,6,3,14,12
1031,40,112,14,14,12,33,0,0,1,6,6,14,12
1274,40,106,13,11,12,31,1,0,1,0,1,15,12
533,45,109,15,8,2,30,1,0,1,2,2,15,12
1442,40,118,16,6,7,29,1,0,1,2,1,16,12
827,40,105,16,7,8,30,1,0,1,2,1,16,12
1371,40,128,18,8,13,36,1,0,0,1,2,16,12
1211,27,92,12,13,3,31,1,0,1,3,2,16,12
1160,40,84,12,17,2,38,1,0,0,4,2,16,12
841,40,109,18,13,2,36,1,0,0,3,4,16,12
673,40,92,17,6,4,31,1,0,1,5,5,16,12
808,50,101,18,8,9,38,1,1,0,3,2,17,12
325,55,113,12,11,5,29,1,1,0,1,2,10,13
350,40,74,12,14,3,32,1,0,1,4,2,10,13
1250,40,106,12,14,19,35,1,0,1,4,1,11,13
1100,40,104,12,18,7,37,1,0,1,2,3,11,13
1384,50,114,18,12,2,37,1,0,1,1,1,12,13
1260,45,106,12,5,3,29,1,0,1,2,1,12,13
1562,40,97,17,7,2,32,1,1,1,5,1,12,13
2308,40,116,17,8,2,38,1,0,0,6,1,12,13
1050,40,119,16,7,18,37,0,0,1,2,2,12,13
975,40,101,13,12,10,30,1,0,0,3,3,12,13
879,40,118,18,1,9,31,1,0,1,1,2,13,13
1092,44,110,16,15,13,36,1,0,1,4,4,13,13
508,50,125,17,9,2,31,1,1,1,3,1,16,13
1444,40,120,16,12,15,37,1,0,1,1,2,17,13
1386,42,109,16,10,11,34,1,1,0,1,1,4,14
1346,40,106,16,15,11,37,1,0,1,1,1,8,14
1000,40,121,13,6,1,33,1,0,1,2,2,8,14
700,50,130,13,14,1,38,1,0,1,1,2,11,14
1190,40,119,17,4,2,34,1,0,1,0,1,12,14
1186,30,91,17,8,9,33,1,0,1,1,1,12,14
1250,40,117,16,10,7,33,1,0,1,1,1,12,14
684,45,106,13,16,2,38,1,1,1,1,1,12,14
1500,40,123,16,9,12,32,1,1,1,1,1,12,14
1400,42,108,17,7,3,31,1,0,1,2,1,12,14
1452,45,115,17,1,7,30,1,0,1,3,1,12,14
520,50,107,18,6,3,29,1,0,0,10,1,12,14
1014,55,110,16,13,9,30,0,0,1,1,2,12,14
1473,40,110,16,15,15,36,1,1,0,1,2,12,14
910,30,95,12,16,5,35,1,1,1,2,3,12,14
615,50,99,15,16,15,38,1,0,0,2,3,12,14
833,48,96,16,9,7,31,1,0,1,4,4,12,14
930,43,132,18,8,13,38,1,0,0,1,1,13,14
1384,50,104,13,8,7,31,1,1,0,3,1,13,14
825,40,108,14,11,9,33,1,0,1,1,2,14,14
1154,50,109,16,10,3,35,1,1,1,2,1,16,14
1039,40,113,14,12,8,34,1,0,1,1,2,16,14
1026,45,113,16,9,13,30,1,1,1,2,2,16,14
898,40,101,16,7,9,35,0,0,1,3,4,16,14
1779,40,132,17,8,9,32,1,0,1,1,1,17,14
1038,48,103,15,8,2,36,1,1,0,2,1,12,15
1111,40,98,14,10,1,29,1,0,1,3,1,12,15
1748,55,125,18,12,12,34,1,0,1,1,2,14,15
625,40,129,18,4,5,36,1,1,0,3,1,15,15
808,50,101,17,8,0,30,1,1,1,1,2,15,15
1105,40,103,13,10,11,30,1,0,1,1,1,16,15
1130,40,109,18,4,13,38,1,0,0,1,2,18,15
1346,40,112,16,14,14,35,1,0,1,0,1,12,16
1682,45,126,16,10,11,31,1,0,1,1,1,12,16
1744,43,106,16,8,9,29,1,1,1,1,1,12,16
1539,40,115,17,7,9,31,1,1,1,2,1,12,16
962,40,112,15,8,2,37,1,0,1,2,1,12,16
1694,30,113,15,9,8,29,0,0,1,3,1,12,16
879,70,90,12,17,10,35,0,0,1,1,2,12,16
1679,55,127,18,10,3,32,1,1,1,1,2,12,16
1411,45,121,18,14,3,38,1,0,1,3,2,12,16
1539,40,111,17,10,13,37,1,0,1,3,2,12,16
854,48,120,16,8,5,29,0,0,1,2,3,12,16
1154,40,109,16,12,9,34,1,0,1,0,1,13,16
658,40,129,16,11,9,30,1,0,1,2,1,13,16
874,55,132,13,8,2,33,1,0,0,2,1,13,16
357,70,97,14,6,3,28,1,1,0,1,2,13,16
507,55,110,14,10,4,32,1,1,1,2,2,13,16
577,40,106,17,11,7,33,0,1,1,3,2,13,16
843,40,102,14,8,7,29,1,1,0,1,1,16,16
635,40,128,18,8,13,36,0,0,1,2,1,16,16
1354,40,119,17,13,9,35,0,0,0,2,1,16,16
1602,60,124,16,8,9,29,1,0,1,3,1,16,16
2500,40,95,15,12,9,36,1,0,1,3,1,16,16
579,44,122,13,8,1,30,1,0,0,4,1,16,16
990,40,108,13,13,9,33,1,0,0,4,1,16,16
817,40,116,16,10,7,31,1,1,0,1,2,16,16
1084,45,95,15,17,10,37,1,0,1,1,2,16,16
1368,45,107,16,11,1,33,1,1,1,2,2,16,16
1202,48,114,16,6,6,28,1,0,1,3,3,16,16
2771,50,134,18,6,7,34,1,0,1,4,3,16,16
1282,45,97,16,4,1,32,1,0,1,11,3,16,16
664,60,82,16,10,9,34,1,1,1,3,4,16,16
1586,40,127,16,16,12,37,1,0,1,4,4,16,16
875,50,124,16,9,3,31,0,0,0,2,2,17,16
2162,40,116,15,9,4,31,1,0,1,2,1,12,17
1682,40,115,16,10,4,37,1,1,1,1,2,12,17
1026,45,125,12,11,11,28,1,0,1,3,1,14,17
797,55,90,16,11,5,33,1,0,1,5,2,14,17
1076,45,105,12,5,8,31,0,0,1,1,1,16,17
1270,40,104,16,8,4,31,1,1,1,3,4,16,17
340,50,104,14,4,1,31,1,1,1,5,3,8,18
1500,37,119,15,8,5,33,0,0,1,1,1,12,18
884,46,120,17,4,10,36,1,0,0,2,1,12,18
872,45,115,15,7,4,29,1,0,1,3,1,12,18
1643,48,117,18,8,2,33,1,0,1,2,2,12,18
1282,60,96,18,7,5,32,1,1,1,4,2,12,18
485,40,89,12,10,9,30,0,1,0,4,3,12,18
1573,55,112,18,7,8,34,1,1,1,1,1,14,18
1155,60,106,18,10,2,37,1,0,1,3,3,14,18
1924,50,99,16,16,14,37,1,0,1,0,1,16,18
1924,50,121,18,11,7,35,1,0,1,3,1,16,18
1924,50,112,18,9,10,38,1,0,1,6,1,16,18
1000,44,113,17,8,2,34,1,1,1,4,1,17,18
1154,40,117,16,11,12,35,1,1,1,5,5,17,18
577,40,111,16,8,8,29,0,1,1,1,1,18,18
666,75,129,18,8,12,38,1,0,0,2,1,18,18