"","y","x1","x2"
"1",4.23874600852723,6.2718817149289,2.88270518036609
"2",5.80799134070952,9.89090727176517,0.696103296772653
"3",3.7961725513914,5.86873348569497,3.44383381565221
"4",2.69276737890097,2.35619738930836,0.541331654337634
"5",2.42982773239498,6.07779467012733,2.84322129647995
"6",4.96742587128822,5.52825826918706,2.0317104686424
"7",3.13651932792139,7.12150553474203,0.321721741514275
"8",1.80225162930272,1.8102871067822,0.136232434246865
"9",2.84610940588587,6.95475746644661,0.489038725823116
"10",1.82256897675531,3.73194030486047,0.850544756763347
"11",9.08033359696537,9.49696234893054,2.44272018745537
"12",2.56779858178395,3.34311711369082,0.462328417007934
"13",3.82042187104332,9.64608874637634,0.357168360220346
"14",3.92444799632212,3.51854162989184,2.36733710461974
"15",3.89712251150282,3.56843239394948,1.47740063816556
"16",0.748863779676176,0.0838966644369066,3.79650994567389
"17",1.5877698887876,1.1966482643038,0.140293231162735
"18",4.25928055065514,5.27538012946025,1.11690187149136
"19",8.90628678768462,8.52555780904368,4.83208226628757
"20",2.06420746608913,3.0783230625093,0.0775188222191543
"21",3.12994814871253,5.31327124685049,0.237698876775963
"22",4.11009751812445,7.2076840698719,0.414289201465272
"23",2.40982377004649,1.22439033119008,3.25746574222695
"24",9.74079938675832,6.31292395992205,1.83443275712951
"25",4.22019726681953,7.21143886446953,0.798179380125904
"26",5.42929941232079,8.72941699577495,0.356447423209396
"27",2.56076201482416,2.51184922643006,0.616796189173766
"28",2.71472118816749,3.57909181620926,0.382086682462074
"29",4.35254659865995,9.37804138753563,1.35586718073053
"30",1.31996861440865,3.78870460903272,0.937266217565081
"31",3.71434389094506,8.29762223642319,0.947530437705664
"32",6.03447579821775,9.18656440451741,4.98571920627581
"33",4.3489305076754,3.61828778404742,1.55492298255426
"34",2.07806163459362,4.62720409734175,0.442701312813235
"35",4.4675795774409,8.90933788614348,3.59967599838303
"36",4.70820613835599,6.21547951828688,1.15064758888414
"37",4.53496591214436,9.3809549533762,0.936257433598687
"38",6.81037461185762,2.48954374808818,5.48957327483088
"39",8.71238468764725,8.81305739516392,1.85381288237329
"40",4.01884286891796,7.21241405932233,0.0713276255610151
"41",1.59219696729224,1.85422609327361,5.46770095468477
"42",8.3080814741371,9.75212071090937,2.77380671842079
"43",4.2590517181077,0.503002370242029,2.78356372494096
"44",5.20752279272092,7.55227693822235,1.66554011064842
"45",2.63267788040163,1.46522532450035,1.02501963760604
"46",0.540883291580692,0.785206954460591,0.685346275784327
"47",4.2696668582018,7.67210607416928,0.345128286814622
"48",3.32513451461872,1.44927914952859,1.58244385894609
"49",2.26698621682885,2.24912710487843,7.1453357159471
"50",-0.222436591164292,1.88471506582573,3.98889185056507
"51",2.23244828393168,1.04234887752682,0.464617447054267
"52",6.75701400624816,5.38547633448616,3.70938395718903
"53",1.67656359584399,0.369542990811169,0.574531494494207
"54",5.49812894145577,9.56385304685682,3.50097206083892
"55",6.58615305256473,5.72889519156888,3.54274393522067
"56",4.42030090124071,5.30572641873732,1.26465139418992
"57",3.20219456811083,3.75482737552375,0.850974244285376
"58",5.02739091232914,9.84893047716469,2.39154124673167
"59",2.06739346854346,2.38096656510606,0.344315934777915
"60",2.94665115524442,4.39407786121592,0.796447040586365
"61",2.55025036467891,6.88850530423224,1.49926190900218
"62",7.80955117554548,5.88536540511996,3.96582483388417
"63",2.09482719976536,2.50486462842673,0.596225051248943
"64",5.00889597780796,9.83867956092581,0.475279587492938
"65",1.00344608127093,0.411763903684914,0.0674205711736521
"66",2.63960094681426,3.50092600798234,2.6928053206764
"67",4.28505419980665,1.18644745321944,2.19382522025397
"68",1.68987295307913,3.52995790075511,0.690306992726486
"69",3.2881095929605,2.91991119971499,0.188004639616199
"70",2.93845759522204,3.65579621633515,3.2433465963954
"71",10.5297632928949,4.96835740050301,3.75721487163076
"72",3.85025741610957,5.72567111579701,2.23319616914305
"73",3.00858069462886,6.32225655950606,2.68690180890096
"74",5.61926411586576,9.14746631868184,0.454555893592214
"75",2.40770710767354,2.25978145375848,1.52180958232736
"76",7.46957865804047,8.38198077399284,4.00721685795104
"77",2.91895113212321,3.60398756340146,0.247078679985705
"78",8.66750708290759,8.16041988553479,8.81229070052151
"79",0.506823604096144,5.46522658318281,0.843300366814644
"80",2.67114977646053,4.4640756957233,1.15852955121826
"81",9.46050532646311,9.46049137506634,6.04048017443329
"82",3.10474121132745,2.54193234723061,0.532712316267044
"83",7.51733143593633,8.83181771961972,5.68313752433848
"84",7.13716272770753,7.42185840848833,5.26383530583353
"85",4.71723870885096,2.13878129143268,6.11291043738391
"86",1.88047017146395,0.717268886510283,2.53452502152752
"87",1.71135393840912,6.62767529021949,0.946931333636156
"88",2.63870031573622,0.343324174173176,2.26788489530207
"89",4.30538895006264,8.44191160984337,0.0747522467356299
"90",7.06068577283522,3.42256841016933,5.11481402336444
"91",3.48224094368605,3.22976406896487,2.38877355904085
"92",4.32439998938524,6.40602188417688,1.12109110677917
"93",1.8707299113564,1.53479620115831,0.73580746633658
"94",7.25109254407643,2.48857017839327,4.95640643940429
"95",3.76044026661937,4.03657837072387,1.40450331166932
"96",3.52083611761885,4.82936063781381,0.469023431549828
"97",8.72307659170104,8.82292113499716,2.44322994953498
"98",0.0141021324184414,4.40235279500484,1.46977172067681
"99",5.0272574312223,7.33772788196802,3.67206925956594
"100",4.29510891853882,7.42064458318055,0.103321145064873
"101",2.84372856706034,4.71811718074605,0.358986886363315
"102",4.12007692938721,5.57800091104582,1.6038437262958
"103",4.54188827978817,7.91719379136339,1.03696460156244
"104",2.25859975312361,4.39507805975154,0.601917298032896
"105",2.22259980588523,3.74025769298896,0.162353869603794
"106",3.68956768869639,3.98912982549518,0.918317092944259
"107",3.9570484097103,7.7659772685729,1.36852596725246
"108",1.86149738987986,4.10812121583149,0.33768946521736
"109",1.71300644586104,2.28356701089069,0.196125451049894
"110",4.56518857322619,5.48505519516766,0.891561568766738
"111",4.52244681762079,4.69749731244519,1.09119480657138
"112",1.08777398969928,1.24678131658584,1.25235576551158
"113",5.02390378652019,3.97611291147768,0.65307828440881
"114",1.67778112994272,1.4159175939858,2.02240798672647
"115",1.53964057254518,0.565302774775773,0.25557483030731
"116",3.14807798761926,2.99246379639953,0.80964190851943
"117",2.90898299926012,0.988555094227195,1.93634229113078
"118",3.47236859258107,9.93991696974263,0.439589269464869
"119",1.43938775337597,1.93775194697082,0.793897037867927
"120",1.75814234841816,4.04245973564684,1.30732252592382
"121",3.52123380191254,5.70329189999029,0.886957315474868
"122",3.63976954165345,7.51635495340452,0.474179001728427
"123",2.33136278333316,4.35203264234588,0.0953280040795297
"124",4.02923806606526,8.25013088760898,2.50440533189268
"125",3.73022396710803,6.48316097212955,0.409654363727327
"126",7.30227169756641,9.75837046513334,1.47442482991654
"127",0.673803220373164,0.24958946974948,1.69113255179597
"128",5.25236086451741,4.8259785422124,2.83862462924233
"129",4.05014724265822,7.59129303274676,0.0137246496375233
"130",5.949744224163,8.71432079467922,1.5140144846088
"131",2.09640763867846,2.68355101114139,1.09211617246834
"132",9.39025776332637,8.49952356657013,3.50577632720874
"133",3.32367516266318,3.57025134144351,1.82458529670977
"134",5.69723904336208,9.37711265636608,2.46893761885675
"135",6.02175946594538,2.09660753374919,3.53166821041299
"136",2.89161681292062,4.94610289344564,1.78250289288579
"137",5.46922713956267,7.42623856291175,2.49300484517602
"138",4.95322507794171,9.53482412965968,0.0978596822635246
"139",5.12045844500109,8.97400637390092,2.06684348342011
"140",3.16172402668376,3.71237649116665,0.450707559605918
"141",1.03010115235007,1.13481738837436,0.212544033579321
"142",2.40855983897065,0.00963222235441208,3.14225447138824
"143",2.67465381905825,6.06465236283839,1.01346423287109
"144",5.53634445167602,4.82170695438981,5.43709217995367
"145",4.8865692267758,8.88155814493075,0.0451512178251761
"146",3.90413463461513,5.22677003173158,0.120920740820708
"147",3.56409735120485,1.36829604394734,1.33965035510151
"148",2.25257406223488,2.45530918007717,1.26638332521783
"149",2.18361340272047,1.00069540552795,0.912354330884901
"150",4.91059453791865,3.64031633129343,2.07405439901406
"151",4.62161268883469,8.9044993952848,0.94383685074009
"152",1.95051185871924,0.887380021158606,0.702237024939705
"153",3.1955679452057,2.72708712145686,6.21569098827319
"154",4.79689467290972,8.37754584150389,0.86119828808686
"155",3.28975918695429,4.8506333399564,0.171931426910255
"156",5.60639407170351,6.50272199651226,1.51648918643741
"157",3.21786112312385,3.77904189517722,1.91081189808769
"158",2.77918732021765,5.56232982780784,0.164805028387445
"159",2.7446015397408,7.58386799599975,0.864390916439178
"160",2.65786029657794,3.73134140623733,0.0247590070573169
"161",3.19380438980973,4.41043640952557,1.86594559053201
"162",2.8717105672502,2.14079220313579,0.487189470235743
"163",3.64545493429838,3.31957289483398,1.29164878535146
"164",2.60166094327185,3.24413693742827,1.99925545850904
"165",3.44244166861833,3.706466157455,0.446029581091657
"166",9.2716413765227,8.93133660778403,4.7212183343734
"167",2.67515989390723,6.38257530983537,2.95337093571155
"168",5.0476548290288,7.18930654926226,1.99474021916997
"169",3.83205432262972,2.87492115981877,2.78571393701538
"170",2.83321831712719,3.20111084263772,0.880677758762592
"171",1.17565023247386,2.86581536056474,1.71210583520252
"172",5.01491380888459,7.01468244427815,1.85315599097328
"173",2.52040613425295,3.57637713896111,1.57422203073507
"174",4.67526456449049,5.40016844635829,1.21703058734879
"175",5.06466971104578,9.44220344070345,0.686029706902823
"176",6.27286217487182,5.45798762701452,3.31666585251672
"177",1.68820125574318,7.10790539393201,0.952169714821861
"178",4.83794771530533,8.47679924918339,0.60671014732122
"179",1.91099690404011,2.25831459509209,0.410916500130697
"180",2.12247679250641,1.7739601014182,2.03024549380008
"181",3.8039955284994,3.71948540676385,1.62532944408215
"182",2.27441502764219,4.32009181473404,1.630507539285
"183",-0.152811030089307,4.12500064587221,2.29499349758326
"184",3.86160804126305,4.46492778370157,3.05377431197076
"185",5.13169508354422,1.87016399810091,4.43642886185742
"186",4.49882087584085,8.93765319604427,0.378607863934809
"187",1.43600054245474,0.388189360965043,0.183634476288906
"188",2.44811081645809,3.14561750274152,0.181278046518326
"189",3.98213514713458,4.38400451559573,3.47220962534223
"190",4.8345797316109,3.38865088531747,0.986520680086613
"191",-0.907348401674868,1.03559080744162,2.32603885983263
"192",3.55319503986324,0.419909332413226,2.6596751319283
"193",5.40887784291671,7.65113793080673,3.27229800876139
"194",6.00172157678796,5.01760711427778,1.04878185006849
"195",4.15248383611311,5.70697836810723,0.296557100446556
"196",4.56514540126729,1.85464318376034,2.33834510338846
"197",4.7915253897256,9.75761222885922,0.0886926838497339
"198",2.06878766618982,2.09201908670366,0.232169423351228
"199",5.3347774476259,7.22566282376647,0.549272639627542
"200",0.386236173463993,0.40752183413133,0.151296933562239
"201",4.24310817919726,2.63981703203171,0.61228363078349
"202",3.73120927621505,4.62401869008318,0.944728412246982
"203",2.00158168164569,1.14035856444389,0.299203255341634
"204",1.86371451242713,4.42023441195488,0.59807899234985
"205",5.93835418506873,9.49078073026612,0.472023468509518
"206",4.54426576178983,8.82003169506788,6.21914596809381
"207",2.91003595529976,3.13647751230747,0.53494550246002
"208",3.36916939586591,3.07689079549164,3.26048294679018
"209",2.93353940155249,5.13806030387059,0.804229368152594
"210",1.10224621167955,0.327333952300251,0.701707546312654
"211",5.05201404109163,6.93446218734607,0.751931533810094
"212",0.879045476389984,2.60372987715527,2.7886782028164
"213",2.51999209702963,3.05391751928255,2.73656277798241
"214",7.18890486270254,7.7312606619671,2.02524941499884
"215",5.76689813480513,6.54089587973431,3.40467154018546
"216",0.302336704340382,0.276260047685355,0.19928009191841
"217",4.46343240354907,8.29508052906021,0.100782424705409
"218",1.86658270360307,1.44974153488874,0.228912264724801
"219",2.24820087921542,2.96251594554633,2.39862753155235
"220",2.29503862865653,5.79083624994382,0.214376704502835
"221",2.57602009158762,1.35401072213426,0.415635551668201
"222",2.76896463773789,1.53835319215432,2.04772919226083
"223",6.15862376303119,7.80640602810308,1.21479644050966
"224",7.54409348279869,6.45682669477537,3.58797205234033
"225",3.58132900827248,1.07139382511377,1.08018598319104
"226",6.08753400995762,5.69719665218145,3.59412987833004
"227",4.31168713687596,5.67301536677405,1.10289487870072
"228",4.56656694253482,9.61838787421584,0.2555499186452
"229",4.27206514195981,8.68383506080136,0.294634176193769
"230",5.28061802562805,3.19483384955674,3.09699986826821
"231",-4.48905967872309,0.0125810061581433,6.22986692246892
"232",2.34793722221336,1.49132075021043,0.662986442858997
"233",1.39642403824013,9.26447432721034,1.5684223676095
"234",5.94062283237624,6.47405150812119,0.857330728622515
"235",2.15352130959042,0.884520700201392,0.659915649090283
"236",2.32094690104572,4.37495339429006,0.0447505073922169
"237",1.83592002492789,1.8681893334724,1.94756701896708
"238",8.6873582177916,6.27788408426568,4.10026880242066
"239",3.00588474207698,6.17227657232434,0.397787568812807
"240",3.28918297136685,3.50317752687261,0.399041752927954
"241",3.67354336830857,5.73372903512791,0.288421976627856
"242",1.67728644089855,4.38624093076214,0.592621684097937
"243",3.47090814726925,5.88901325361803,1.74306337340633
"244",8.07706995981594,9.35494746314362,2.59970440728023
"245",5.52323441333427,0.405742949806154,3.52191646968265
"246",1.88367198323659,2.04744741786271,1.36668938688067
"247",4.98145740730196,9.18805894674733,0.174001933245423
"248",4.11939661392369,7.87466084817424,0.312521895338769
"249",3.22707301791741,3.96636419929564,5.38213941092157
"250",6.28766971188308,8.91609913669527,2.78690287871627
"251",3.6359416126623,3.79123431397602,1.00563886324496
"252",3.10113946542257,6.74833772238344,0.986074055777442
"253",3.10467110761536,6.18164876941592,0.243995604788639
"254",6.25615780630861,9.79344800114632,0.778657397032024
"255",6.81307561991508,2.06012244801968,4.35049894450667
"256",3.07768969582326,2.12502617621794,2.27997887274688
"257",8.35324200486016,8.81652047857642,0.968587940592934
"258",3.21075422168956,4.45527416886762,0.357005413868726
"259",4.40960464072803,4.9340070062317,1.66715062385355
"260",11.402816632113,6.61413186462596,8.29213845097242
"261",10.6758950774814,8.60769934020936,4.90613140877382
"262",1.56365508788923,1.81689674034715,0.086254029977253
"263",4.97603413626862,9.32516121072695,0.899001327067403
"264",3.21326454006307,4.64845554204658,0.420142917345731
"265",5.30214090264854,9.46026731748134,1.87709746434188
"266",4.30796322643567,9.77481977781281,1.44630185518002
"267",3.54634643951524,5.65900898771361,0.0919568080846813
"268",10.4805764267135,4.63652104139328,4.34323860252497
"269",6.13388090063429,5.58720760047436,4.36606038153832
"270",2.49789123624174,0.162695492617786,1.23211325812746
"271",4.74117845981633,3.21562099037692,2.66955410642679
"272",3.08594433439922,3.61341319512576,1.48681170598325
"273",5.66117987526564,1.58735801000148,6.36364184875892
"274",5.21391220228947,9.22313586808741,0.399626692030376
"275",4.18780594763356,7.33527476200834,1.15806556054751
"276",5.93240382850314,8.57485370244831,0.533804602209473
"277",4.29775678429915,7.81977170379832,1.05028741126618
"278",0.244346881139138,3.0046707065776,1.53754424913757
"279",4.8343519757657,5.08121548220515,3.03314792487886
"280",5.38507336415812,7.48147711390629,1.86229385266187
"281",0.829119974617191,1.23636471340433,0.207820527086782
"282",3.96308906411358,5.86674452759326,0.397600285416614
"283",4.34416243091727,6.63500520866364,0.78966076172596
"284",2.9946096379404,4.65606891782954,1.95178592256491
"285",4.3424683979889,7.18415124341846,3.21355685966605
"286",1.83585139052359,3.15120178740472,0.574075633565173
"287",4.23501470433812,6.77477267803624,2.18197514575997
"288",3.71297356152314,5.89498656801879,0.0811975131315538
"289",5.44748113981227,5.43699802597985,8.74949408044677
"290",1.72600078795091,4.57534788642079,3.87601486049713
"291",-1.29989597877149,0.309653114527464,1.85406292264407
"292",4.42034201369829,5.82210771972314,3.44171261652804
"293",2.09430633431869,2.92257054010406,0.987807935402609
"294",5.83541639101474,8.05919979466125,1.56495737850854
"295",-7.65864980040306,3.91412301687524,2.12974152372385
"296",4.53375624071938,8.1254117237404,1.28224174497148
"297",3.76026697895827,6.90179178491235,0.554868310871011
"298",4.8058792639942,6.73368807416409,3.44084772002337
"299",2.2511541404199,3.08678084984422,0.576865008395511
"300",5.53713547840183,5.28883389895782,0.36848686351884
"301",3.69124376305055,8.22387817781419,0.242853259045983
"302",3.37962018075768,5.13708579586819,1.41212972958295
"303",3.64852606472784,7.59417388122529,0.221530355996552
"304",5.00637473868664,8.53949903510511,0.188539948063856
"305",3.7582538309465,7.21869129454717,0.753121028682814
"306",5.40053715470962,3.49208444124088,5.6273185546289
"307",1.47384659110536,0.340230481233448,0.637735920136967
"308",6.55366743848274,8.20244195405394,1.76999976372779
"309",4.9043814233508,8.4636548650451,0.870990941918039
"310",5.57654819975153,8.59706364804879,4.96242482564057
"311",6.72039274024864,2.74455322884023,1.74142544365281
"312",8.13827252101465,8.61633959691972,4.8451012091208
"313",5.5084051159484,9.78105331538245,0.155387175697152
"314",3.52460240760806,0.346792058553547,3.89073836440936
"315",2.68049214144656,6.05082327965647,0.338338125781748
"316",3.3986472725405,6.48429179098457,0.0745458138234185
"317",5.45284477948075,8.68311704834923,1.68353300607599
"318",3.8495556446277,7.5781661644578,3.43606692608871
"319",4.22137125105168,0.460316403768957,3.05892785824676
"320",0.637568461711069,2.9961733170785,1.2426536939736
"321",3.97297167385669,3.80082021234557,2.57526726033463
"322",5.34864329529292,6.93496377905831,2.28519868190996
"323",1.31580788326436,0.772015501279384,0.41599035548084
"324",1.83144856347222,1.94876712746918,1.25822658682547
"325",4.15845096489094,6.10431869979948,4.42728131152655
"326",6.25236887177845,9.56578477984294,3.33096515269756
"327",5.5063786624215,4.1628850181587,2.44600329173928
"328",3.2517546626793,3.76095853978768,4.16945159540157
"329",6.86108558613085,9.79247858049348,2.7174490284779
"330",1.99577700532841,6.37904601870105,1.70972577310482
"331",4.12751053870904,3.85126549517736,0.49610691085528
"332",1.80672306211938,1.20951778022572,0.380931223025264
"333",1.14236262520772,0.658836790826172,2.14022106920132
"334",2.26185486441554,3.47543480806053,0.473942143978456
"335",4.51908625766051,8.69258786318824,0.158877475573931
"336",3.47448388718606,7.2477932786569,0.138631939602601
"337",1.79366227540786,4.65406300500035,3.60636569017553
"338",5.69660472642035,3.47468909574673,3.66130238007921
"339",2.95269927178985,6.55918211210519,0.856923596259867
"340",3.66384612035072,5.23787086829543,1.59860459524967
"341",4.32460007466988,4.19996549375355,2.2694563005467
"342",3.3124877102136,4.20516041573137,1.7672594546452
"343",5.48947176644711,6.59288609633222,3.02785964151448
"344",7.13466726784921,9.98818136984482,1.11737920717241
"345",2.05828947745754,1.37696642894298,2.69479301726516
"346",1.68183967055756,1.50304698385298,4.8895848752489
"347",7.0545869525568,8.17804023623466,2.12559520863998
"348",1.00450519754223,3.9367489144206,1.22852323314471
"349",1.08816532974692,0.74240256100893,0.0617994366166291
"350",2.31914569833282,7.4301473936066,0.828367923666347
"351",4.99126383200424,2.55869700107723,1.08921522073718
"352",4.22388269527228,4.4692308222875,3.89934837890215
"353",3.81810166110169,7.09057145286351,0.369244543330134
"354",5.83458349754345,9.55019779969007,0.633518728135971
"355",2.34638064627855,1.36690204497427,1.08302195495732
"356",0.899126800227011,1.41694765537977,2.07182183485695
"357",7.18575731585937,8.6038936721161,4.02348170769809
"358",2.7213400891331,2.46402308344841,0.857937678201923
"359",1.78142090853563,0.267087309621274,0.58542312335537
"360",5.3173016540735,9.752065197099,0.437414734601597
"361",3.94940250943569,0.134266142267734,1.02253807308129
"362",4.42257611618868,1.41747092828155,2.25765829208972
"363",6.90315016725889,9.24413229571655,1.22732500027078
"364",2.30188470006222,4.45229779463261,0.363104475643934
"365",4.34349516686371,0.165642339270562,1.12362738515435
"366",0.482737603093201,8.58947451459244,6.32851132420451
"367",6.0425438839729,7.04659939976409,2.38236597535502
"368",1.03147722242284,1.05721091618761,0.132090336466952
"369",3.5667164857017,6.00875748787075,0.0605749264743151
"370",6.2964048733937,6.18556905537844,0.761962177076781
"371",2.86873442425027,3.005442970898,0.0761323258366927
"372",3.63920790632743,4.74480924429372,0.553167779617451
"373",2.66466615795844,4.53783370787278,0.459930650533551
"374",9.88519505894411,1.9316454208456,2.37075234670188
"375",4.85316435533637,4.21955212717876,2.68654125823233
"376",2.27692861389613,3.02667008247226,2.45619156206917
"377",3.61223338888033,5.54434111807495,1.12766047334684
"378",3.60841655896377,3.18607780151069,1.18635584688072
"379",4.70217282483553,8.15615021856502,0.737011878353013
"380",1.93472967800951,0.891690398566425,0.821041187233835
"381",1.63279400624037,1.14853079430759,0.215497812865717
"382",4.63823395341601,7.81444605207071,1.63524539301285
"383",6.24469481682799,8.80644821096212,3.32382382541689
"384",6.72112195557188,6.72679868992418,1.97816047350054
"385",3.10112713033344,3.92389746848494,3.02675445194782
"386",-0.0150644191600917,0.805569356307387,4.27466390571132
"387",5.82351759098017,7.8930238680914,0.710499474297186
"388",3.36544663886351,4.76215372793376,1.56452524059974
"389",2.10835209505281,1.50194108719006,1.18512323694646
"390",6.73813886659862,9.42831864347681,2.22568646585258
"391",6.74158348860842,5.82558162976056,7.48442191276661
"392",2.1518300466767,1.81016091955826,0.23277899119575
"393",2.78409408789461,0.935235940851271,1.45390603981548
"394",6.52171036151456,8.9606902259402,1.42501930755917
"395",-0.295057002803263,6.1256540985778,1.27291171034365
"396",3.89247696696317,8.16919152624905,0.298493932670541
"397",8.09618561664972,8.72667789459229,4.58000521861162
"398",2.57158353033017,4.17314260033891,0.0160416436722378
"399",3.84139341284246,5.05224506370723,0.450629817227556
"400",2.13979407355929,1.3449229602702,0.733526514616076
"401",6.38141391058517,7.82836176920682,3.28291851370127
"402",3.90547648076728,0.520422402769327,0.973585990071256
"403",5.75238475456948,7.63406000565737,1.76909017983949
"404",2.26584458363089,1.99762272881344,0.587034860537355
"405",4.78452246301629,7.64510310720652,0.0637803492860737
"406",3.04444024315832,5.18043230520561,0.356692868054913
"407",4.03547626583019,6.82402013102546,0.489799269008156
"408",4.66480152023107,5.34183252835646,1.10545053525587
"409",5.36998831763309,8.21060855174437,1.93672970248413
"410",3.60001242282372,4.84985715709627,0.718816434953249
"411",4.40100845274206,4.38351996475831,3.34074398970743
"412",4.8887538680135,9.31394761661068,0.112425181346196
"413",1.42392675089816,1.92667782306671,0.429112403576876
"414",2.60639019843916,2.18490372411907,0.54394102592097
"415",9.03246079809414,2.70291343564168,2.42730494321061
"416",2.9834840212458,5.86341605288908,0.485465132322641
"417",4.72246698949827,9.76428375812247,0.0965147113550906
"418",5.01032090475116,3.24513281462714,3.39271125498331
"419",6.32243516011694,4.74774851463735,1.77218433291961
"420",2.58044903428199,4.08234119182453,0.133039477746259
"421",1.92122124248511,7.00215751072392,2.93825209999537
"422",2.28421760891839,3.26552832499146,0.151827048080224
"423",4.83975491886305,8.62457880517468,0.153007479040742
"424",4.38267516335872,0.507670233491808,2.56846001414449
"425",3.39756463015727,4.28351937327534,0.0589165509399812
"426",3.14983877452931,9.794450791087,1.76897339691701
"427",3.16482071544237,4.19492290355265,0.892601328311342
"428",5.57960344828771,6.57923612277955,0.925923784806873
"429",5.61460764608211,8.35093935253099,1.32280406627623
"430",3.17592058540687,3.00610108766705,1.36985274422899
"431",4.0486147038814,7.0521745365113,0.308802149638015
"432",3.88429511209116,6.65301139932126,0.200223205764698
"433",3.27771748939776,4.81403857236728,0.676176019803721
"434",2.21577002573239,2.84911088412628,1.16762022690518
"435",4.15307493088714,7.40227244561538,1.38985560795803
"436",5.17938167798299,8.70538272662088,0.546070437017675
"437",2.23946723197292,3.02567114587873,0.0230117360586104
"438",8.1624497958894,5.00139238778502,0.734264214296088
"439",7.75190457649004,4.35439364984632,2.8988546113192
"440",4.42005103155936,8.09295034734532,1.13905023712721
"441",4.07730182707369,5.24448183597997,1.48197746797821
"442",11.7565407163885,9.92190486518666,4.80370514722182
"443",9.14554378798453,4.30937502067536,10.7950220687837
"444",2.84090924522762,4.91953762015328,0.102225065998698
"445",4.34143401576659,8.89905394753441,0.568283152112702
"446",1.55618581419739,3.69709055870771,3.56875017789784
"447",3.72461284369661,2.73117224220186,3.10490512059708
"448",7.30702086650675,8.19703891640529,5.6989373708591
"449",5.7908184393649,4.3815734051168,3.53579437496313
"450",2.04816879591748,3.66154580144212,2.49730120976693
"451",1.31466927914056,2.87845727754757,2.03878505199059
"452",4.45005841022093,6.07524062041193,1.37938558940884
"453",0.756415147171681,0.318320055957884,1.0817643266734
"454",4.63093686666628,7.71191817475483,2.83972989169216
"455",6.3605311275117,6.17720762500539,1.32079332463707
"456",5.22266355445548,6.69154600938782,1.74310655243723
"457",2.20552680924204,1.30425537470728,0.866682840379919
"458",3.53407860046449,4.88254381343722,0.549603607523565
"459",2.6797689083173,5.1603611651808,0.870400949468802
"460",4.20571539330675,8.6148637929,1.30608964169788
"461",7.90608982162547,9.66936050914228,1.46096368513094
"462",5.48586509756756,9.5418649003841,1.02008251614521
"463",3.6841553207893,1.89172262791544,1.8135393738502
"464",3.42347872031937,7.01801826944575,0.794478914514302
"465",6.92693240016186,3.73191318241879,4.0500628715809
"466",4.99213923162467,8.88601977145299,0.606297194494977
"467",4.66997101090244,3.47904433263466,3.86605138404054
"468",2.43475314694528,1.47960169240832,4.14886776355426
"469",2.78447557314614,5.52635548636317,0.375322835618482
"470",2.07258261523117,1.62781132850796,1.17633493738512
"471",0.943274114035167,0.224580352660269,0.0767257682277949
"472",1.58599632869587,2.66771912109107,1.32845491321884
"473",5.08355431516748,2.51407165080309,6.83197647662068
"474",4.16564905090922,4.62222232716158,1.32834356666307
"475",2.55903215412321,1.39753272058442,2.07723041739332
"476",4.94354564645271,9.68294835882261,3.49591376998317
"477",1.32317752572084,2.2097273147665,2.53657699671623
"478",1.67078047018804,1.41652244608849,0.460058908937545
"479",2.37986756453928,1.03420418221503,0.831820253569831
"480",3.91649163482585,8.03644380299374,0.613225895757856
"481",2.69529018241458,2.6145840389654,0.725225979683748
"482",3.87263184652584,1.53560511069372,3.09265654206597
"483",7.50222436495145,1.46392050897703,3.77105491842342
"484",5.81808316360292,8.54142807191238,5.38662191284678
"485",1.8858543644416,1.76789268152788,0.691589891943013
"486",5.37598247149581,8.74568273080513,1.62350020837786
"487",3.82201283502527,8.38841054122895,1.15422404454444
"488",1.24218000683987,1.02045071311295,1.14392380973741
"489",2.98511480069547,3.78231446491554,1.5529899807946
"490",2.31313167662885,3.45683723455295,0.133439301033494
"491",8.71067404241452,7.95097829774022,9.57316134756439
"492",4.16405860330647,9.07032143557444,0.221363649497892
"493",2.06694405351549,0.732149435207248,0.901709991813649
"494",2.27739684923768,2.54150491440669,0.594632515937189
"495",6.044586892627,9.13037835387513,1.46685300488414
"496",6.8384974312213,8.03612175397575,2.18490777609508
"497",7.22736935417834,8.08211913565174,0.573115408659004
"498",4.36548071737592,5.88847344042733,2.05598085067534
"499",3.0593507626903,9.33399634435773,0.564931251598656
"500",4.82764961712048,6.67871722718701,1.92760595363913
"501",4.97314360361223,1.27208576072007,1.18660521013569
"502",6.6617032210882,7.64332422055304,1.58496429391513
"503",5.08003008684029,9.02752610156313,6.67327921571648
"504",6.51441985575996,2.16019096551463,4.20125741701824
"505",2.5677809696492,2.04643961507827,0.983033686574545
"506",3.03386559510458,6.36328973108903,0.400842124371303
"507",5.74120274503678,7.81351166777313,0.257304995205877
"508",5.47321302701178,3.31796412589028,12.2121184737877
"509",3.92810302637648,2.2003360115923,1.25244888694924
"510",5.74407630015126,1.53330008964986,3.6181324065041
"511",6.41207796979796,5.06528117228299,2.20942263099531
"512",3.12241037153886,4.86551819602028,0.0495712129461995
"513",2.1090083791281,3.48818958038464,0.187114984511084
"514",7.17752521178564,7.18875755788758,0.345651424708287
"515",3.59492363717082,4.80775261763483,1.44003141815089
"516",7.87493968611732,7.74338416289538,4.12672807595631
"517",7.82373738164937,5.48120122402906,4.08376203980856
"518",4.23462167129484,7.45164668187499,0.6612408210538
"519",3.06577765322391,5.71330280508846,0.218695157361426
"520",2.60618834463287,3.2823344366625,1.12822571756371
"521",5.83776593333801,4.98062143335119,6.91027187247601
"522",3.50779395907637,2.41121701197699,1.20820254163105
"523",4.92469657898156,3.94071867223829,3.392683319216
"524",3.38471463405287,5.57458390714601,0.653245743367435
"525",3.55212489425869,5.1161042181775,0.34032663008959
"526",3.85242365998926,5.65566363977268,0.955054091808486
"527",3.91132258146498,4.91028981748968,1.86624090136883
"528",2.60539098663728,7.67777985660359,0.948714142288871
"529",3.58831955290636,2.88630410563201,1.62738474543758
"530",1.22972461261028,1.44875618629158,1.08889440618282
"531",3.11949502190878,0.812618313357234,1.21443637270166
"532",5.57561090568084,5.98490749951452,3.43101525826686
"533",1.11025918795974,0.608654513489455,0.0139996034004665
"534",1.05358788868871,0.0645787711255252,0.891224752488015
"535",7.60350986859704,6.12553246784955,3.79196585595761
"536",5.75048088655845,7.82729478320107,0.721764886995944
"537",3.92463804316972,8.28332611359656,0.0580188064127136
"538",5.96761352262861,7.8923482936807,1.60823024921448
"539",4.97598773011082,7.0172097440809,1.26224940180364
"540",2.21701757737762,1.84316839789972,0.258408068436965
"541",2.60682776855385,2.21164615824819,0.799841258466098
"542",5.09896991588153,6.84645036701113,0.864078756548874
"543",3.09145889248603,7.33645614935085,6.96367669246254
"544",4.33321509515795,9.05270262854174,0.133464987321908
"545",7.35695508827463,9.62974669644609,3.54981286430514
"546",4.75328821463278,4.37660007737577,1.68214414915872
"547",2.16518823841771,1.90476732561365,0.189302500265461
"548",9.28515395137045,6.05104707414284,4.96208808698863
"549",2.75663375120756,6.7677467991598,0.149463853029347
"550",2.11420130512647,3.09940091101453,0.563276473916719
"551",3.15881158793167,7.45242150267586,0.299827169498334
"552",5.74071738331444,7.17868566513062,2.18693346105158
"553",1.3986204207514,0.302927233278751,0.385918916947677
"554",2.3035777556975,1.23987863538787,3.41151190175068
"555",5.49387828027234,5.10528340004385,3.36045257510699
"556",1.43532900647341,0.0846140016801655,0.40612810231155
"557",2.64250592887391,1.54171513160691,2.57131735243611
"558",0.0613765929952526,2.51099802320823,0.571705919195581
"559",2.89859106594914,8.53037131950259,2.93667716611005
"560",3.67848756255132,3.66543984506279,0.183177360199125
"561",4.64802057056173,3.21809074375778,3.61526487747497
"562",2.73251750822657,4.29771182592958,0.304894356045598
"563",4.98837672053988,8.91960893757641,0.652346127795584
"564",9.97883105421796,6.6972146066837,4.29742085590788
"565",3.53673014134968,7.2664578165859,1.21349785420564
"566",5.61786539248392,8.57082879170775,2.93394023334467
"567",3.70029432554264,3.06513144634664,2.27768127912344
"568",3.49972728003368,1.99480917537585,6.85071671970731
"569",3.94927105665487,6.34867994580418,0.921551252784935
"570",2.50021476820333,1.29293443402275,3.46591863000282
"571",3.8563713168454,6.7646799958311,0.113684873557883
"572",8.44312987961862,7.38853210583329,4.06284086080093
"573",1.61727151804384,2.41123067913577,0.930055250127192
"574",4.95714318740357,8.71709011727944,1.83338650596097
"575",6.21320353821703,6.18535561487079,3.13953306100802
"576",1.66083529124113,6.10656759468839,2.93962166003744
"577",6.96218648255064,5.10299385525286,3.47807992283636
"578",3.15826229473775,2.46544109890237,0.597070422932969
"579",3.10144452639289,4.56298612290993,0.0688711438426014
"580",1.76135904733093,0.072389142587781,0.542513191690399
"581",2.73358230179999,5.01127165742218,0.668609598532251
"582",3.46067706632204,3.34704011678696,0.420321010036077
"583",4.56074866538069,4.95170786976814,3.75813460071415
"584",-0.708264313512864,1.76807828946039,2.7926084948745
"585",4.03368649805509,0.956326839514077,10.2518730748925
"586",3.59624590788107,1.42551224911585,5.48832032393313
"587",2.21872102477238,3.03566139889881,0.111398019521754
"588",3.56099334644954,5.45896836323664,0.935610466131238
"589",7.74686289872065,0.0816556415520608,4.55101010870131
"590",1.10613561049401,0.770869778934866,3.62707110130766
"591",2.65888831396177,0.52615930326283,1.02235450089569
"592",2.56425873435324,3.9347709598951,0.0455332616282665
"593",5.00876270812192,6.15999089553952,6.25200882737746
"594",6.33498260161914,4.24044916406274,3.82807480700226
"595",6.38277970918894,5.77341677155346,1.54559484995444
"596",2.87438563381078,7.19635220477358,0.2969927660607
"597",10.4468393792448,6.97621328523383,5.40924975611318
"598",6.26165410963575,7.65909935813397,1.9728856232006
"599",8.08112113332641,7.7805753890425,4.54405632402626
"600",3.7509796315547,4.43487585289404,1.57378801175056
"601",2.3913030002981,0.589449729304761,8.19120448874535
"602",2.67857040485203,4.38872346421704,0.691775076084968
"603",3.5761050898662,4.24027448054403,0.677829651500454
"604",3.99026882674933,0.25380544597283,2.77004573183753
"605",2.09420462427183,1.78133148001507,0.240600283962359
"606",-1.78191523817363,3.86954187881202,3.56773503609889
"607",3.69310767346626,4.80287656420842,0.839585062046453
"608",2.28687472589575,4.77503306698054,0.954224051082958
"609",3.95155131843179,9.55207646591589,0.875058761489359
"610",3.03349634830234,1.56814115121961,1.1507768734728
"611",4.13973835737558,9.06293854117393,0.084590563715767
"612",9.05235971970958,9.20273181982338,5.28716107361315
"613",3.39245241077441,5.33646225463599,0.205335560526995
"614",2.80666075543428,4.52790352050215,1.03541837869513
"615",1.79376994038674,1.96277233073488,0.132384003416816
"616",2.6546325592046,6.61568808835,2.63352330398482
"617",0.992726935812355,4.89089537179098,3.1165399032276
"618",5.50404153438817,9.82410968281329,2.13077950367823
"619",3.32995364556007,7.97027195803821,0.590022117377632
"620",2.96895195945673,5.02797494176775,0.0326558310488919
"621",0.442810692096222,0.0524437520653009,0.523674263778973
"622",2.809605007297,5.6955110328272,1.48814758203749
"623",3.53089547377157,5.42872843332589,0.930109407715601
"624",4.09799446175287,8.0633635353297,0.43799386316832
"625",3.16278937269877,4.14791241288185,0.266859988182835
"626",3.60029346115656,4.89513105945662,1.16243773256863
"627",6.87618832097922,6.08979585580528,4.4474227660145
"628",12.6107276066468,3.58549475902691,11.6630163771684
"629",4.82390752966267,5.017845032271,2.73540305796937
"630",2.25135733452714,3.8297723676078,2.02284565063739
"631",3.37288022426957,5.98398413043469,0.0138025676175442
"632",2.65142529645632,3.32239886745811,0.539332456248006
"633",2.50231288153711,5.08788025472313,0.872552340404601
"634",4.21291970522339,7.15540504781529,1.60943601532705
"635",7.04624645646048,3.39786753058434,3.74515716620271
"636",4.47390514595815,4.22245397232473,2.95396897013715
"637",0.43691175510352,0.756395270582289,0.27223622362725
"638",1.60661951995542,1.58874833956361,0.0272281430596037
"639",3.07050500352701,4.47869612136856,0.134681113673691
"640",6.09075300060142,7.11169606074691,3.76204994152583
"641",3.97910580085486,6.72709175152704,0.952891923346852
"642",4.34822522194257,9.14832455804572,0.175458679540802
"643",4.33222927930047,7.05558715155348,1.73054082771677
"644",4.06651038858666,9.50258826836944,0.627673424438004
"645",1.38741390573202,2.24046411225572,0.768210850527645
"646",3.80856631617622,5.62586186686531,1.96417074501883
"647",4.15106551860793,9.93761480785906,2.1602252017802
"648",0.219961267818648,1.00644513266161,2.03050060077487
"649",2.92589346907735,6.87733686296269,0.558972396371671
"650",2.69871417898963,4.11046982044354,0.821529574281808
"651",5.07301551214627,0.687653366476297,5.46472375058356
"652",5.29180459393129,6.67775193694979,1.60164460123524
"653",4.34548374345041,6.10406311461702,0.513075336556289
"654",12.363979179366,1.6713244561106,5.03419547491983
"655",2.89695671001572,4.98557931743562,0.736173860611029
"656",6.24711126381681,9.91683813976124,0.321362287679581
"657",5.17041937401505,7.87170322611928,0.376029483159546
"658",5.13093934305255,5.39560177130625,6.1827781585741
"659",1.60756242320397,0.304514290764928,0.436581301895166
"660",4.79087339060033,5.6477164872922,1.27534203517026
"661",4.55082342767288,8.75008103204891,1.0316364393272
"662",3.35912576373849,0.305511446204036,1.65106581667404
"663",6.11197716525011,9.91881228750572,0.344922707654719
"664",4.30225949557633,7.53967236727476,1.73082212799301
"665",5.3679730112632,3.14192335819826,4.25275869305115
"666",3.11627548601322,4.9699196126312,0.0234516123972398
"667",3.58222939330019,7.57435476640239,0.606967881166651
"668",4.47966954351291,7.19604852842167,0.897081542452701
"669",3.68257924182981,6.50395267643034,0.0424547527714794
"670",4.14387060099509,5.67726954817772,1.51576118719148
"671",4.29692519602951,7.51528886612505,0.528619591291247
"672",5.8308212078006,6.88319211127236,5.18544666095414
"673",1.65716140318287,4.19232777319849,1.28205838003709
"674",7.04516093594094,9.57412249874324,0.878919168693897
"675",5.07918514543028,9.21238182811067,0.694241027120091
"676",2.01081577314432,4.56861175596714,5.091369865583
"677",2.11187227398495,2.03141356818378,1.3946866196315
"678",3.79256617831012,6.31612657569349,3.65479183480162
"679",5.28354694191747,9.97246399987489,1.05836445020301
"680",2.1354882953528,0.907015718985349,1.29157798298298
"681",4.38109956696452,1.07800420373678,1.69324958705414
"682",4.24002829563629,4.50741166714579,0.661410520350803
"683",3.63645047595383,6.81540231686085,0.00724251453333687
"684",3.68017239115267,6.48955055279657,2.00988510035912
"685",8.31436237492537,3.09376316843554,5.17339412934357
"686",2.74255483779896,6.80399558506906,1.86518319320444
"687",2.15103085734,1.85435966588557,1.1851994269478
"688",4.13743781332243,7.63095021247864,0.832974431877068
"689",3.10620823127039,2.64646934811026,0.477424332793737
"690",5.75891081690664,4.38260420458391,1.72784403016681
"691",5.1961386472233,9.11046474706382,3.13792924453337
"692",6.71470152165292,9.5044792839326,4.66170754386971
"693",4.50971089799905,8.91852949745953,1.13218143448853
"694",3.89998033036317,0.038220165297389,2.57151334455578
"695",3.85784385897683,3.96428644657135,1.6050695371233
"696",7.48060913114908,4.97661217814311,8.17381831288138
"697",3.56181509643532,6.63530605146661,0.0715253500290765
"698",5.00223957680067,5.59389427769929,1.66474391186657
"699",4.25036648809891,3.53216319344938,1.18708416213355
"700",4.21358126580458,8.81860992638394,2.25796392270926
"701",5.00257070370934,6.32184569491073,2.77127417658313
"702",3.74291995403912,6.57356832874939,0.53298528815336
"703",3.50800450043365,8.72494080802426,0.398809074984847
"704",5.6453944242524,8.91746154753491,1.49289171064277
"705",3.19561952595145,2.7355987415649,2.2926665165675
"706",3.19856108388844,6.78793592844158,0.328466356324028
"707",1.60563892723133,0.0581108243204653,2.39778606152444
"708",5.77024950884796,7.53609005128965,2.39842129004455
"709",0.15810001198663,1.70340816024691,2.09060620632393
"710",7.46147171079309,0.159165633376688,3.80867041813615
"711",1.65197345127036,7.37667240435258,1.11477504915758
"712",5.86290763973278,9.73177543841302,1.2227123941865
"713",2.80640965057657,3.58059423742816,2.1986547189578
"714",6.63471320683727,7.15042430674657,2.33562814276533
"715",1.58118807986833,1.23539762804285,0.0112540256620183
"716",6.49151382117889,1.84116687392816,2.52874694438492
"717",8.69535778982082,7.19556699041277,7.17937565724429
"718",7.08094946028394,4.85323554370552,5.34049785885085
"719",2.66114862574483,4.1550360689871,0.0759177432676123
"720",4.46907118042524,7.54556900821626,4.47833544249026
"721",2.43318518740809,0.987165446858853,1.86443033611527
"722",1.30862535985859,6.19847939582542,0.719658301482301
"723",6.95656304863203,9.58094380330294,5.25348377559723
"724",2.34129768121542,1.960320151411,0.109565319422768
"725",1.7785283792374,0.53341317223385,0.0554039019579725
"726",3.18971420065241,2.00531866401434,1.64222601664203
"727",7.26441239887141,9.96139808325097,2.19873937243823
"728",6.0033539598498,6.89549280563369,5.97140403561713
"729",4.50632357637533,6.29102389561012,0.852801697857716
"730",1.22916473373777,0.936660503502935,1.24804106893896
"731",8.13008000241877,8.7616148381494,3.24494305188303
"732",4.60934064451898,3.44514187658206,1.16106156405263
"733",2.96698454120958,0.10007155360654,2.17905034231489
"734",2.87264050326794,4.41975300665945,0.0461560885806952
"735",9.77505701206728,9.14582665078342,4.11387926099303
"736",4.2177026618761,9.56873897928745,0.87177578434076
"737",4.77257490750063,4.55781867261976,1.12456074722335
"738",4.91745419008975,6.44467692589387,0.88319347018459
"739",3.99652231665958,2.41437010467052,0.862301119279977
"740",3.09693300443017,4.39569163369015,0.705420741806852
"741",2.94107222735178,5.61753144720569,2.71548837842201
"742",3.10646362343913,5.3754145372659,3.53338605666183
"743",7.22685535132378,9.27106403047219,3.2448196083235
"744",3.61758005197269,1.27639369806275,3.4614748391474
"745",3.49832682823738,5.93721945770085,0.051646805769994
"746",3.73934519717513,7.86466371733695,0.499931617883174
"747",2.78121899738297,5.36161778727546,2.71570827791269
"748",5.66968364590707,9.93713391479105,1.15027157025847
"749",2.0269802388245,5.75762593187392,1.56561025594493
"750",1.75236575749383,2.35916475066915,0.695081531733988
"751",2.27584722008388,1.47406734060496,1.75640429242406
"752",1.78585956495799,2.83737822901458,3.21926356451225
"753",9.648384761421,7.42973075481132,6.44537400530172
"754",8.48241301495396,5.39236503653228,2.84066700612809
"755",2.25378476493945,0.158054162748158,1.24386853816877
"756",5.96962103757613,7.89661304559559,1.29571165599592
"757",5.3535403432198,7.89737968239933,0.861825572013972
"758",2.95089170591752,0.00801807269454002,1.63965421243348
"759",9.27018766791092,5.51102478057146,6.08889640799508
"760",2.27612614761636,2.83081653993577,0.0452451197905879
"761",4.2331930151837,5.24366879137233,1.1831096469925
"762",2.63010990635798,2.74569189408794,0.875295258688412
"763",-0.368950619620016,0.148014763835818,3.00328398129022
"764",6.56477256145161,4.58706723060459,2.3876692667106
"765",1.98341354295654,2.2799871629104,0.0398682511139964
"766",3.38691537148562,3.73832902638242,3.60653159938429
"767",4.13545270481319,9.04006370808929,0.243298668898523
"768",3.70954539253624,7.51580650918186,0.995422944031448
"769",8.19936111521628,9.55295731546357,9.48317847922012
"770",1.82714081900167,0.969979148358107,0.50048049632833
"771",5.44163327328581,0.308484374545515,1.74589881625694
"772",3.87975186003741,7.17051362851635,0.000110714226905521
"773",1.01609375798617,3.39062452316284,1.01526773102471
"774",4.97156379204025,8.71497198240831,0.864522405720599
"775",1.92334594411463,0.412494370248169,6.28748580826783
"776",3.47227574418797,1.13488458329812,2.45965568751206
"777",3.82698743474994,7.79119288781658,7.02655029185742
"778",7.82735621689972,8.36365436203778,1.12863299427487
"779",3.92862434587729,1.22219411190599,6.71005237170844
"780",6.70048955868336,5.96184909809381,3.03503231252002
"781",4.5363919957037,7.78800972970203,0.460278009592879
"782",4.97637468935949,8.43298524385318,1.18286202627293
"783",6.73345213374296,3.66183884674683,1.60354151155136
"784",5.10577953583069,1.93742580479011,0.747629843048009
"785",7.14548798061424,8.09400346130133,4.71682260007866
"786",3.37228298431654,5.82138040103018,4.0416634433072
"787",3.91627455037742,1.80278050014749,2.42332699024924
"788",4.04542525327103,8.75090016983449,1.61025949187274
"789",4.37590855438988,6.00780946435407,3.66392567990861
"790",5.39762690979908,3.40500151040033,2.33695662114882
"791",3.98714737136319,8.06563712656498,3.48679073990529
"792",4.7458159164176,2.20910699805245,2.47981603713565
"793",10.1876308047427,8.70260022580624,4.18371751617263
"794",10.7312714854628,1.50558621156961,4.18845009727166
"795",6.46358956916688,6.73486753599718,0.878630501312179
"796",-0.0721409877385879,5.20126446150243,4.88853775534821
"797",3.28793815077337,1.03886976605281,3.61579381403489
"798",5.17062164402604,9.0356248896569,0.77534361252008
"799",3.01698786368746,5.10460504097864,5.14309979111062
"800",4.91040882173179,6.88655343838036,1.19405239951731
"801",6.97274890673909,8.15901809604838,1.47480540830796
"802",0.910051905666995,2.50881345244125,2.00602762061275
"803",4.90116078396698,0.306372346822172,2.91819617296643
"804",2.07419027601012,0.413849439937621,1.40851703637177
"805",8.6832639305251,8.6106255161576,4.5038270376955
"806",5.74472212956179,3.71263903565705,5.80334821717084
"807",4.14227184819098,6.64907532511279,2.09177738245472
"808",7.18152873850737,9.83362119877711,6.29013680890451
"809",2.90403188623608,0.402532222215086,3.01963071591181
"810",2.84299109119468,3.16861696308479,0.817994911305175
"811",2.43711841101598,3.00108648836613,0.217234826802745
"812",3.00247895180843,2.36182508524507,1.31284325627751
"813",2.10486239248365,0.363368706312031,0.77712084209073
"814",3.26618336839589,3.67163684219122,1.18991866090061
"815",7.61713606163827,1.31011622492224,4.34374063183842
"816",4.6969343804859,4.09387783147395,1.24792285353919
"817",3.86261613127265,9.15559288579971,1.69329677842326
"818",0.872679921222082,1.66540836915374,2.11877928037933
"819",1.80162222006818,5.10403701802716,3.35889717247026
"820",2.17960207599214,0.320626196917146,0.191683902804146
"821",1.80211273950507,0.122337464708835,0.424618070270673
"822",1.60384922115939,2.55015221424401,3.17240116193922
"823",0.937278795683029,0.586782295722514,0.117387795116738
"824",1.64781054885065,1.43318698275834,1.52917518512658
"825",3.37475576274376,5.15505484072492,0.0137215552417009
"826",7.79596113657436,4.80026969686151,2.83323895262469
"827",0.202324967297756,7.63524798909202,4.33504235091747
"828",1.06448725872143,0.932335287798196,0.150924182576613
"829",0.967097910880507,7.73088359041139,1.3454702228848
"830",2.34618954043013,3.56117963558063,0.0772790336073851
"831",3.40193881290138,4.40666738664731,1.32415558545956
"832",6.04425591887613,9.42204041173682,2.79186903914522
"833",5.39618685273759,6.32466978626326,1.56928560315017
"834",6.70009231389734,2.00711752055213,1.80557539071625
"835",4.10752451045829,3.5570950107649,2.31631999523907
"836",1.16884788791395,7.48910483438522,2.96034091316885
"837",13.2981030929518,8.90301752369851,5.25622552677542
"838",10.6229566873078,4.51420420082286,3.04604619318283
"839",-0.381438571658561,0.994700561277568,3.0817584313029
"840",1.85737234459613,3.22932545561343,0.550957359252709
"841",3.84602291030742,6.4691420760937,4.14747733581608
"842",5.67329716050108,8.00975650548935,1.62454366786295
"843",4.19297681986816,7.45909461053088,1.07668169725645
"844",4.34018556559524,6.86485720099881,0.295458179905474
"845",2.22732490625871,3.46951094223186,0.0578024752138414
"846",2.47174787063118,2.00551884248853,0.388109961401165
"847",2.56969107300212,0.425078328698874,0.688585264400697
"848",2.37154373199939,4.50148951727897,0.253243274289881
"849",1.59784199143419,2.38767093978822,1.74233772794474
"850",4.22037439937575,5.30637319432572,1.31869691346556
"851",3.26658084392567,6.74051545327529,0.0448403039513653
"852",5.72967966524828,7.42340332362801,1.90095737258793
"853",2.31126650220781,2.74380823364481,0.114662738077348
"854",2.54944091348312,2.35404616454616,0.270490093083796
"855",1.17174583836035,1.19217966450378,0.677253039476414
"856",8.50089174339244,0.435374430380762,3.94588052911671
"857",4.63334823263761,9.89310843870044,0.514558785430487
"858",4.34467900011033,9.01887653628364,0.465089347706722
"859",2.40235367711728,2.35785429365933,0.140250521901287
"860",3.77013289848337,8.60830989666283,0.297957469298415
"861",3.57399584467469,6.57048485940322,0.132628586483633
"862",5.26188745853225,6.09760218299925,2.36432415873326
"863",6.94492045799604,5.17112574074417,2.54741634562196
"864",1.22642834222282,0.543800191953778,0.63913276583104
"865",5.21410020904871,4.09143669065088,4.06380557978932
"866",3.5216198622507,4.59994103526697,0.490870814055975
"867",3.2997547513466,1.93248351337388,0.598144873145145
"868",5.93651706085665,8.84058766998351,1.63349495272956
"869",4.60689231099743,9.14653843035921,0.375479866858863
"870",1.66996744579953,1.1609146790579,0.262221287624325
"871",3.14495109508442,4.05232284450904,3.09206996225616
"872",3.59442260232182,3.78244111547247,0.475100099530212
"873",4.33999303498399,4.04714036965743,1.23483359729082
"874",2.60656013094549,5.1470189448446,0.643020192460617
"875",3.70854343184419,9.08079652581364,5.73076221006107
"876",3.97214329803246,4.03953365748748,0.104675364353038
"877",0.0335906677657973,0.362206029240042,1.13203679647314
"878",4.14398930372817,8.80645676283166,0.193240174578976
"879",6.84897384597676,8.93641086760908,1.22216550909539
"880",8.08505650070627,9.10602779127657,2.85820045662592
"881",4.24818641925194,2.95390435261652,3.74070200922424
"882",2.01136912170243,3.54599018814042,1.51305039369237
"883",8.42868400814457,1.77069335710257,3.09345622266224
"884",5.69474117869382,9.04241305310279,0.753280188643294
"885",1.34975113669314,7.71310186712071,1.53092310092518
"886",3.98862666093923,6.492259290535,0.900819735047041
"887",3.16212921680777,6.22033870080486,0.0815174492742859
"888",3.8107950859077,4.57706130342558,4.72336486225776
"889",1.66501730515068,4.83980316203088,3.63019150615778
"890",7.42755158770828,5.20705812377855,7.33253585856244
"891",1.22627457882176,3.63280836492777,0.387825853317617
"892",5.72579954925749,6.78629386005923,1.34553256440443
"893",4.10713135734411,8.77209293656051,1.36678775156422
"894",7.41900696122232,6.62637555738911,1.7550685156983
"895",7.51175101377964,9.55455352319404,0.907480857554392
"896",5.73046136560908,7.87274275440723,1.98663914875995
"897",6.48151889081553,9.63736716657877,2.7192114489017
"898",3.30000152286593,8.80155965453014,0.840135440926084
"899",2.53903992466701,5.74389189481735,1.48829146823901
"900",8.19090915200332,3.08650610502809,5.73202660713664
"901",5.33000712892529,8.49013068480417,5.63422644094821
"902",3.40018692107189,2.66825685743243,1.16120641308648
"903",5.35957504593098,8.85126898065209,2.15022167973576
"904",4.85647980170731,9.39246736466885,0.0969970124438326
"905",2.74238016923523,0.255604363046587,4.83241200046516
"906",5.90281850662498,2.50402058009058,5.48617698703745
"907",0.271904576298788,2.60207230458036,1.61057940871326
"908",5.99725081661798,6.72641214448959,1.49961945452987
"909",5.51622194728019,4.8277755943127,2.30687913704976
"910",1.20904850923896,2.85241925623268,0.356401174346931
"911",1.63583046180574,0.906997392885387,1.55890536890926
"912",5.10199697163714,6.29515061154962,5.32125276841308
"913",4.73507511732079,3.99979643058032,1.23861468837503
"914",4.79504784380956,3.81930532399565,4.49723979264661
"915",5.09003712787598,7.69649983849376,3.21542461501759
"916",4.73464208732424,7.35531432554126,1.90631458436011
"917",4.36087920206253,8.49497149698436,0.0880928998155569
"918",3.80890460009321,9.37116373796016,0.677280645720578
"919",10.7791028637316,4.88617600873113,3.99976183600852
"920",3.04259767339099,3.31999420654029,2.00184113792712
"921",4.87090198477589,9.41685260273516,4.43410851784408
"922",4.13206353313538,8.45108141191304,1.10709160249347
"923",1.60875967777882,1.37487046420574,4.27031815514648
"924",6.71574408719735,8.95504977088422,4.05384592170883
"925",3.56685058509999,0.308166090399027,1.21872825327307
"926",4.17215486714433,7.82708017621189,0.11819025954516
"927",4.36749351998719,8.05972075555474,0.0284634456535443
"928",2.46760573192532,3.01544687943533,0.248113996176687
"929",6.16425260618344,9.78775215800852,3.04388312467086
"930",4.60440605142281,9.10107288975269,0.00544613859228515
"931",3.17902710203767,4.00608545402065,0.519511888202821
"932",3.22216549686217,3.28940764069557,0.300258488478144
"933",0.664295943364917,0.505158756859601,1.27016343607865
"934",2.54407549793478,2.88284075213596,3.44026816488445
"935",4.49920868192541,4.06076080165803,1.59347649446907
"936",4.9497107217051,5.77483609318733,0.685726423705924
"937",4.02282692762374,2.89617213653401,2.15684894270363
"938",2.25511751218023,3.19539861520752,0.150780473342305
"939",1.95464161830687,1.98303498327732,1.03980367275904
"940",4.27646892399721,2.16951089212671,2.11975795818094
"941",2.62846506334562,2.68534787464887,0.757381161099731
"942",5.05323136927798,2.63230048818514,1.55306880869306
"943",6.68030240281637,5.52294267341495,2.89821213680226
"944",3.96537955044184,6.79833997040987,0.638091525543415
"945",3.71346499972279,1.83155812090263,2.23691107793168
"946",1.11039640143936,0.705037948209792,0.0992359357947064
"947",3.79037000974602,6.95066571701318,0.765053217158615
"948",2.9357826228868,3.20906516164541,1.54021510136984
"949",5.24660454467091,4.73332741763443,1.73810517723343
"950",6.73837583308628,9.55269424477592,7.37897506079056
"951",3.64233885741059,6.66789645561948,1.02125885052506
"952",8.85403689816718,9.14261078462005,1.686968411142
"953",5.74041109357601,9.82319056522101,0.988767508658291
"954",1.57510735860972,2.48452419415116,1.59329537727689
"955",5.61485413228418,8.36615070700645,2.30606069486677
"956",4.01769768302588,4.93807745166123,1.4404705781381
"957",4.74238515437021,4.25295401364565,1.21055911456221
"958",7.63589315450726,9.64320165570825,1.12058893213765
"959",0.914886803055108,1.16807659855112,0.719234466352409
"960",6.88646579911537,8.28213704517111,2.50803767660509
"961",8.39089703274081,6.15596211748198,1.92039687509642
"962",6.61649406341899,9.81464060023427,2.62599996486552
"963",11.1262540418651,7.92938938131556,4.774274982609
"964",5.66372303155639,6.22123149922118,3.45168197983677
"965",2.54840353277914,6.26593667315319,0.580818804215857
"966",4.20154685379213,8.36475057294592,0.358776435671744
"967",4.47678711511615,9.62768874363974,0.279553586202505
"968",2.17648730013263,3.8883663713932,0.219450296535289
"969",1.57536635812537,1.53399340575561,0.0212740022927744
"970",6.16477266053522,9.48058611247689,1.7823576186
"971",5.59191476237358,9.07554147997871,1.65997208561488
"972",2.83517111279524,2.34243696322665,2.11811126430358
"973",7.48488268751982,9.90671956213191,4.74824015806695
"974",5.23360925441986,9.50929884100333,1.57428916139263
"975",4.0066769252787,8.83936821250245,0.881646789317906
"976",2.61348799590926,3.72726391768083,0.119267868018991
"977",4.23480587733647,5.71503370301798,0.228286740764733
"978",1.41352453086677,1.14763274090365,0.607026566329656
"979",4.70000155163229,3.97458411753178,5.06541586112531
"980",3.02145056029493,7.33459983253852,1.44547197509937
"981",4.42177859283944,7.65744880773127,0.270721152816156
"982",6.71357348685803,5.2348817139864,3.07830293441775
"983",4.77434556625373,8.08233573567122,1.12922180117377
"984",2.4700765008845,0.187863102182746,3.04211193805292
"985",2.47958660516957,3.33137125242501,0.0799223815270832
"986",5.84072241445432,8.07975590694696,5.35154271808541
"987",6.4575410563642,9.10697128623724,2.88717916055989
"988",5.49666477193399,8.21122541325167,0.910883089381929
"989",2.2147166929128,8.22312930598855,8.27781919120145
"990",3.12720085202901,6.06611934956163,0.893933129442142
"991",3.14766223101362,3.26476518064737,2.88552939182372
"992",6.19537390483618,2.3541853367351,8.72442025276196
"993",1.97395699197954,1.7950456799008,0.34832758092134
"994",8.32731906655192,7.47781586600468,5.12163000013363
"995",1.86563295010068,5.0710669811815,0.630900484392459
"996",8.34642258088399,9.33197353733703,3.18050558791494
"997",2.90057577297536,4.55888901138678,0.199045264024998
"998",7.58623736171661,9.47388850618154,3.56503218728763
"999",4.99107435936418,5.80829746322706,3.12017562471554
"1000",4.83440820645205,8.71411364292726,1.41253978515571
